benchmark,module_name,description_type,run_source,functional_status,gen_synth_status,gen_total_cells,gen_pyranet_bucket,gen_total_wires,gen_num_cell_types,gen_num_ff,gen_num_latch,gen_num_memories,gen_num_memory_bits,gen_cells_by_type,ref_synth_status,ref_total_cells,ref_pyranet_bucket,ref_total_wires,ref_num_cell_types,ref_num_ff,ref_num_latch,ref_num_memories,ref_num_memory_bits,ref_cells_by_type,cell_ratio,ff_ratio,comparable,exclusion_reason
rtllm,JC_counter,RTLLM.txt,RTLLM/modules/JC_counter/reports/report_langgraph.RTLLM.txt.json,fail_ts,ok,4,0-5,9,4,1,0,0,0,"{""$aldff"": 1, ""$logic_not"": 1, ""$mux"": 1, ""$not"": 1}",ok,4,0-5,9,3,1,0,0,0,"{""$aldff"": 1, ""$logic_not"": 2, ""$mux"": 1}",,,no,functional_status=fail_ts
rtllm,RAM,RTLLM.txt,RTLLM/modules/RAM/reports/report_langgraph.RTLLM.txt.json,pass,ok,24,16+,29,10,9,0,0,0,"{""$aldff"": 9, ""$bmux"": 1, ""$bwmux"": 1, ""$demux"": 1, ""$ge"": 2, ""$logic_and"": 1, ""$logic_not"": 1, ""$lt"": 1, ""$mux"": 5, ""$not"": 2}",ok,24,16+,30,10,9,0,0,0,"{""$aldff"": 9, ""$bmux"": 1, ""$buf"": 1, ""$bwmux"": 1, ""$demux"": 2, ""$ge"": 1, ""$logic_and"": 1, ""$logic_not"": 2, ""$lt"": 2, ""$mux"": 4}",1.0,1.0,yes,
rtllm,accu,RTLLM.txt,RTLLM/modules/accu/reports/report_langgraph.RTLLM.txt.json,pass,ok,9,6-10,23,5,3,0,0,0,"{""$add"": 2, ""$aldff"": 3, ""$buf"": 1, ""$logic_not"": 1, ""$mux"": 2}",ok,24,16+,43,8,3,0,0,0,"{""$add"": 2, ""$aldff"": 3, ""$buf"": 3, ""$eq"": 1, ""$logic_and"": 2, ""$logic_not"": 5, ""$mux"": 7, ""$or"": 1}",0.375,1.0,yes,
rtllm,adder_16bit,RTLLM.txt,RTLLM/modules/adder_16bit/reports/report_langgraph.RTLLM.txt.json,pass,ok,334,16+,330,4,0,0,0,0,"{""$and"": 128, ""$buf"": 86, ""$not"": 72, ""$or"": 48}",ok,678,16+,666,4,0,0,0,0,"{""$and"": 256, ""$buf"": 182, ""$not"": 144, ""$or"": 96}",0.4926,,yes,
rtllm,adder_32bit,RTLLM.txt,RTLLM/modules/adder_32bit/reports/report_langgraph.RTLLM.txt.json,pass,ok,2,0-5,5,2,0,0,0,0,"{""$add"": 1, ""$buf"": 1}",ok,368,16+,313,4,0,0,0,0,"{""$and"": 130, ""$buf"": 160, ""$or"": 62, ""$xor"": 16}",0.0054,,yes,
rtllm,adder_8bit,RTLLM.txt,RTLLM/modules/adder_8bit/reports/report_langgraph.RTLLM.txt.json,pass,ok,25,16+,22,2,0,0,0,0,"{""$add"": 16, ""$buf"": 9}",ok,65,16+,62,2,0,0,0,0,"{""$add"": 16, ""$buf"": 49}",0.3846,,yes,
rtllm,adder_8bit,txt,RTLLM/modules/adder_8bit/reports/report_langgraph.txt.json,pass,ok,26,16+,23,2,0,0,0,0,"{""$add"": 16, ""$buf"": 10}",ok,65,16+,62,2,0,0,0,0,"{""$add"": 16, ""$buf"": 49}",0.4,,yes,
rtllm,adder_pipe_64bit,RTLLM.txt,RTLLM/modules/adder_pipe_64bit/reports/report_langgraph.RTLLM.txt.json,pass,ok,10,6-10,20,7,4,0,0,0,"{""$add"": 1, ""$aldff"": 3, ""$buf"": 1, ""$dffe"": 1, ""$logic_not"": 1, ""$mux"": 2, ""$reduce_or"": 1}",ok,61,16+,89,5,30,0,0,0,"{""$add"": 7, ""$aldff"": 30, ""$buf"": 9, ""$logic_not"": 7, ""$mux"": 8}",0.1639,0.1333,yes,
rtllm,alu,RTLLM.txt,RTLLM/modules/alu/reports/report_langgraph.RTLLM.txt.json,fail_ts,ok,51,16+,58,18,0,0,0,0,"{""$add"": 3, ""$and"": 1, ""$buf"": 7, ""$eq"": 19, ""$logic_and"": 1, ""$logic_not"": 2, ""$logic_or"": 1, ""$lt"": 2, ""$ne"": 1, ""$not"": 1, ""$or"": 2, ""$pmux"": 1, ""$shl"": 2, ""$shr"": 2, ""$sshr"": 2, ""$sub"": 2, ""$tribuf"": 1, ""$xor"": 1}",ok,79,16+,87,16,0,0,0,0,"{""$add"": 2, ""$and"": 9, ""$buf"": 7, ""$eq"": 25, ""$logic_not"": 2, ""$logic_or"": 1, ""$lt"": 4, ""$mux"": 5, ""$not"": 8, ""$or"": 4, ""$pmux"": 3, ""$shl"": 2, ""$shr"": 2, ""$sshr"": 2, ""$sub"": 2, ""$xor"": 1}",,,no,functional_status=fail_ts
rtllm,alu,xml,RTLLM/modules/alu/reports/report_langgraph.xml.json,fail_ts,error_other,,,,,,,,,{},ok,79,16+,87,16,0,0,0,0,"{""$add"": 2, ""$and"": 9, ""$buf"": 7, ""$eq"": 25, ""$logic_not"": 2, ""$logic_or"": 1, ""$lt"": 4, ""$mux"": 5, ""$not"": 8, ""$or"": 4, ""$pmux"": 3, ""$shl"": 2, ""$shr"": 2, ""$sshr"": 2, ""$sub"": 2, ""$xor"": 1}",,,no,functional_status=fail_ts; gen_synth_status=error_other
rtllm,asyn_fifo,RTLLM.txt,RTLLM/modules/asyn_fifo/reports/report_langgraph.RTLLM.txt.json,fail_ts,ok,23,16+,38,10,2,0,1,128,"{""$add"": 2, ""$aldff"": 2, ""$buf"": 5, ""$eq"": 2, ""$logic_and"": 2, ""$logic_not"": 4, ""$memrd_v2"": 1, ""$mux"": 2, ""$not"": 1, ""$xor"": 2}",ok,53,16+,75,13,9,0,1,128,"{""$add"": 2, ""$aldff"": 8, ""$and"": 2, ""$buf"": 16, ""$dff"": 1, ""$eq"": 2, ""$logic_and"": 2, ""$logic_not"": 10, ""$memrd_v2"": 1, ""$memwr_v2"": 1, ""$mux"": 5, ""$not"": 1, ""$xor"": 2}",,,no,functional_status=fail_ts
rtllm,calendar,RTLLM.txt,RTLLM/modules/calendar/reports/report_langgraph.RTLLM.txt.json,pass,ok,20,16+,38,5,3,0,0,0,"{""$add"": 3, ""$aldff"": 3, ""$eq"": 3, ""$logic_not"": 1, ""$mux"": 10}",ok,29,16+,43,6,3,0,0,0,"{""$add"": 3, ""$aldff"": 3, ""$eq"": 9, ""$logic_and"": 4, ""$logic_not"": 3, ""$mux"": 7}",0.6897,1.0,yes,
rtllm,counter_12,RTLLM.txt,RTLLM/modules/counter_12/reports/report_langgraph.RTLLM.txt.json,pass,ok,8,6-10,17,6,1,0,0,0,"{""$add"": 1, ""$aldff"": 1, ""$buf"": 1, ""$eq"": 1, ""$logic_not"": 1, ""$mux"": 3}",ok,7,6-10,16,5,1,0,0,0,"{""$add"": 1, ""$aldff"": 1, ""$eq"": 1, ""$logic_not"": 1, ""$mux"": 3}",1.1429,1.0,yes,
rtllm,counter_12,txt,RTLLM/modules/counter_12/reports/report_langgraph.txt.json,pass,ok,7,6-10,16,5,1,0,0,0,"{""$add"": 1, ""$aldff"": 1, ""$eq"": 1, ""$logic_not"": 1, ""$mux"": 3}",ok,7,6-10,16,5,1,0,0,0,"{""$add"": 1, ""$aldff"": 1, ""$eq"": 1, ""$logic_not"": 1, ""$mux"": 3}",1.0,1.0,yes,
rtllm,div_16bit,RTLLM.txt,RTLLM/modules/div_16bit/reports/report_langgraph.RTLLM.txt.json,pass,ok,6,6-10,13,5,0,0,0,0,"{""$buf"": 1, ""$div"": 1, ""$logic_not"": 1, ""$mod"": 1, ""$mux"": 2}",ok,68,16+,121,5,0,0,0,0,"{""$add"": 16, ""$buf"": 4, ""$ge"": 16, ""$mux"": 16, ""$sub"": 16}",0.0882,,yes,
rtllm,div_8bit,RTLLM.txt,RTLLM/modules/div_8bit/reports/report_langgraph.RTLLM.txt.json,pass,ok,67,16+,153,12,10,0,0,0,"{""$add"": 4, ""$aldff"": 8, ""$dffe"": 2, ""$ge"": 1, ""$logic_and"": 4, ""$logic_not"": 2, ""$mux"": 38, ""$not"": 3, ""$or"": 1, ""$reduce_bool"": 1, ""$shl"": 1, ""$sub"": 2}",ok,72,16+,120,10,7,0,0,0,"{""$add"": 6, ""$aldff"": 5, ""$and"": 7, ""$buf"": 9, ""$dff"": 1, ""$dffe"": 1, ""$logic_not"": 1, ""$mux"": 35, ""$not"": 6, ""$xor"": 1}",0.9306,1.4286,yes,
rtllm,div_8bit,xml,RTLLM/modules/div_8bit/reports/report_langgraph.xml.json,fail_ts,ok,49,16+,87,8,0,0,0,0,"{""$buf"": 5, ""$ge"": 8, ""$logic_and"": 2, ""$logic_or"": 1, ""$mux"": 21, ""$neg"": 3, ""$sub"": 8, ""$xor"": 1}",ok,72,16+,120,10,7,0,0,0,"{""$add"": 6, ""$aldff"": 5, ""$and"": 7, ""$buf"": 9, ""$dff"": 1, ""$dffe"": 1, ""$logic_not"": 1, ""$mux"": 35, ""$not"": 6, ""$xor"": 1}",,,no,functional_status=fail_ts
rtllm,edge_detect,RTLLM.txt,RTLLM/modules/edge_detect/reports/report_langgraph.RTLLM.txt.json,pass,ok,13,11-15,28,5,3,0,0,0,"{""$aldff"": 3, ""$logic_and"": 2, ""$logic_not"": 1, ""$mux"": 5, ""$not"": 2}",ok,14,11-15,28,5,3,0,0,0,"{""$aldff"": 3, ""$and"": 2, ""$logic_not"": 2, ""$mux"": 5, ""$not"": 2}",0.9286,1.0,yes,
rtllm,freq_div,RTLLM.txt,RTLLM/modules/freq_div/reports/report_langgraph.RTLLM.txt.json,pass,ok,17,16+,27,6,5,0,0,0,"{""$add"": 2, ""$aldff"": 5, ""$eq"": 2, ""$logic_not"": 1, ""$mux"": 4, ""$not"": 3}",ok,19,16+,29,6,5,0,0,0,"{""$add"": 2, ""$aldff"": 5, ""$eq"": 2, ""$logic_not"": 3, ""$mux"": 4, ""$not"": 3}",0.8947,1.0,yes,
rtllm,fsm,RTLLM.txt,RTLLM/modules/fsm/reports/report_langgraph.RTLLM.txt.json,pass,ok,31,16+,54,7,1,0,0,0,"{""$aldff"": 1, ""$buf"": 2, ""$eq"": 11, ""$logic_and"": 1, ""$logic_not"": 3, ""$mux"": 12, ""$pmux"": 1}",ok,40,16+,62,8,1,0,0,0,"{""$aldff"": 1, ""$buf"": 2, ""$eq"": 11, ""$logic_and"": 1, ""$logic_not"": 3, ""$mux"": 15, ""$not"": 6, ""$pmux"": 1}",0.775,1.0,yes,
rtllm,multi_16bit,RTLLM.txt,RTLLM/modules/multi_16bit/reports/report_langgraph.RTLLM.txt.json,pass,ok,37,16+,71,10,5,0,0,0,"{""$add"": 2, ""$aldff"": 5, ""$bmux"": 1, ""$buf"": 2, ""$eq"": 1, ""$logic_not"": 2, ""$lt"": 2, ""$mux"": 19, ""$shl"": 1, ""$sub"": 2}",ok,49,16+,91,12,5,0,0,0,"{""$add"": 2, ""$aldff"": 5, ""$bmux"": 1, ""$buf"": 2, ""$eq"": 2, ""$gt"": 1, ""$logic_and"": 2, ""$logic_not"": 5, ""$lt"": 3, ""$mux"": 23, ""$shl"": 1, ""$sub"": 2}",0.7551,1.0,yes,
rtllm,multi_16bit,xml,RTLLM/modules/multi_16bit/reports/report_langgraph.xml.json,pass,ok,48,16+,106,8,5,0,0,0,"{""$add"": 1, ""$aldff"": 5, ""$buf"": 2, ""$eq"": 1, ""$gt"": 1, ""$logic_not"": 3, ""$mux"": 34, ""$sub"": 1}",ok,49,16+,91,12,5,0,0,0,"{""$add"": 2, ""$aldff"": 5, ""$bmux"": 1, ""$buf"": 2, ""$eq"": 2, ""$gt"": 1, ""$logic_and"": 2, ""$logic_not"": 5, ""$lt"": 3, ""$mux"": 23, ""$shl"": 1, ""$sub"": 2}",0.9796,1.0,yes,
rtllm,multi_8bit,RTLLM.txt,RTLLM/modules/multi_8bit/reports/report_langgraph.RTLLM.txt.json,pass,ok,17,16+,52,3,0,0,0,0,"{""$add"": 8, ""$buf"": 1, ""$mux"": 8}",ok,17,16+,53,3,0,0,0,0,"{""$add"": 8, ""$buf"": 1, ""$mux"": 8}",1.0,,yes,
rtllm,multi_pipe_4bit,RTLLM.txt,RTLLM/modules/multi_pipe_4bit/reports/report_langgraph.RTLLM.txt.json,pass,ok,13,11-15,22,4,3,0,0,0,"{""$add"": 4, ""$aldff"": 3, ""$logic_not"": 2, ""$mux"": 4}",ok,17,16+,24,5,3,0,0,0,"{""$add"": 3, ""$aldff"": 3, ""$buf"": 5, ""$logic_not"": 2, ""$mux"": 4}",0.7647,1.0,yes,
rtllm,multi_pipe_8bit,RTLLM.txt,RTLLM/modules/multi_pipe_8bit/reports/report_langgraph.RTLLM.txt.json,fail_ts,ok,53,16+,78,8,8,0,1,64,"{""$add"": 7, ""$aldff"": 8, ""$and"": 8, ""$buf"": 2, ""$logic_not"": 1, ""$memrd_v2"": 8, ""$memwr_v2"": 8, ""$mux"": 11}",ok,41,16+,43,6,10,0,0,0,"{""$add"": 7, ""$aldff"": 9, ""$buf"": 8, ""$dffe"": 1, ""$logic_not"": 5, ""$mux"": 11}",,,no,functional_status=fail_ts
rtllm,parallel2serial,RTLLM.txt,RTLLM/modules/parallel2serial/reports/report_langgraph.RTLLM.txt.json,pass,ok,10,6-10,20,6,3,0,0,0,"{""$add"": 1, ""$aldff"": 3, ""$buf"": 1, ""$eq"": 1, ""$logic_not"": 1, ""$mux"": 3}",ok,11,11-15,21,6,3,0,0,0,"{""$add"": 1, ""$aldff"": 3, ""$buf"": 2, ""$eq"": 1, ""$logic_not"": 1, ""$mux"": 3}",0.9091,1.0,yes,
rtllm,pe,RTLLM.txt,RTLLM/modules/pe/reports/report_langgraph.RTLLM.txt.json,pass,ok,4,0-5,8,4,1,0,0,0,"{""$add"": 1, ""$aldff"": 1, ""$logic_not"": 1, ""$mul"": 1}",ok,5,0-5,9,5,1,0,0,0,"{""$add"": 1, ""$aldff"": 1, ""$buf"": 1, ""$logic_not"": 1, ""$mul"": 1}",0.8,1.0,yes,
rtllm,pulse_detect,RTLLM.txt,RTLLM/modules/pulse_detect/reports/report_langgraph.RTLLM.txt.json,pass,ok,24,16+,39,7,2,0,0,0,"{""$aldff"": 2, ""$buf"": 1, ""$eq"": 7, ""$logic_not"": 3, ""$mux"": 8, ""$not"": 2, ""$pmux"": 1}",ok,30,16+,50,8,1,0,0,0,"{""$aldff"": 1, ""$buf"": 2, ""$eq"": 7, ""$logic_and"": 1, ""$logic_not"": 3, ""$mux"": 11, ""$not"": 4, ""$pmux"": 1}",0.8,2.0,yes,
rtllm,right_shifter,RTLLM.txt,RTLLM/modules/right_shifter/reports/report_langgraph.RTLLM.txt.json,pass,ok,1,0-5,4,1,1,0,0,0,"{""$dff"": 1}",ok,1,0-5,4,1,1,0,0,0,"{""$dff"": 1}",1.0,1.0,yes,
rtllm,serial2parallel,RTLLM.txt,RTLLM/modules/serial2parallel/reports/report_langgraph.RTLLM.txt.json,pass,ok,21,16+,38,10,3,0,0,0,"{""$add"": 1, ""$aldff"": 3, ""$bwmux"": 1, ""$demux"": 2, ""$eq"": 2, ""$ge"": 1, ""$logic_and"": 1, ""$logic_not"": 1, ""$lt"": 1, ""$mux"": 8}",ok,17,16+,32,7,4,0,0,0,"{""$add"": 1, ""$aldff"": 4, ""$eq"": 2, ""$le"": 1, ""$logic_and"": 1, ""$logic_not"": 3, ""$mux"": 5}",1.2353,0.75,yes,
rtllm,serial2parallel,xml,RTLLM/modules/serial2parallel/reports/report_langgraph.xml.json,pass,ok,18,16+,34,7,4,0,0,0,"{""$add"": 1, ""$aldff"": 4, ""$eq"": 3, ""$le"": 1, ""$logic_and"": 1, ""$logic_not"": 4, ""$mux"": 4}",ok,17,16+,32,7,4,0,0,0,"{""$add"": 1, ""$aldff"": 4, ""$eq"": 2, ""$le"": 1, ""$logic_and"": 1, ""$logic_not"": 3, ""$mux"": 5}",1.0588,1.0,yes,
rtllm,signal_generator,RTLLM.txt,RTLLM/modules/signal_generator/reports/report_langgraph.RTLLM.txt.json,pass,ok,25,16+,38,7,2,0,0,0,"{""$add"": 1, ""$aldff"": 2, ""$eq"": 5, ""$logic_not"": 6, ""$mux"": 8, ""$pmux"": 2, ""$sub"": 1}",ok,25,16+,38,7,2,0,0,0,"{""$add"": 1, ""$aldff"": 2, ""$eq"": 5, ""$logic_not"": 6, ""$mux"": 8, ""$pmux"": 2, ""$sub"": 1}",1.0,1.0,yes,
rtllm,synchronizer,RTLLM.txt,RTLLM/modules/synchronizer/reports/report_langgraph.RTLLM.txt.json,pass,ok,11,11-15,25,3,5,0,0,0,"{""$aldff"": 5, ""$logic_not"": 4, ""$mux"": 2}",ok,11,11-15,22,3,5,0,0,0,"{""$aldff"": 5, ""$logic_not"": 5, ""$mux"": 1}",1.0,1.0,yes,
rtllm,traffic_light,RTLLM.txt,RTLLM/modules/traffic_light/reports/report_langgraph.RTLLM.txt.json,fail_ts,ok,50,16+,71,8,5,0,0,0,"{""$add"": 3, ""$aldff"": 5, ""$buf"": 4, ""$eq"": 15, ""$logic_not"": 3, ""$lt"": 3, ""$mux"": 15, ""$pmux"": 2}",ok,64,16+,94,9,8,0,0,0,"{""$aldff"": 8, ""$buf"": 1, ""$eq"": 18, ""$gt"": 1, ""$logic_and"": 5, ""$logic_not"": 10, ""$mux"": 16, ""$pmux"": 4, ""$sub"": 1}",,,no,functional_status=fail_ts
rtllm,width_8to16,RTLLM.txt,RTLLM/modules/width_8to16/reports/report_langgraph.RTLLM.txt.json,pass,ok,19,16+,41,5,4,0,0,0,"{""$aldff"": 4, ""$buf"": 1, ""$logic_and"": 2, ""$logic_not"": 2, ""$mux"": 10}",ok,17,16+,33,5,4,0,0,0,"{""$aldff"": 4, ""$logic_and"": 3, ""$logic_not"": 5, ""$mux"": 4, ""$not"": 1}",1.1176,1.0,yes,
verilogeval,Prob001_zero,e0_t0,VE_testbench/langgraph/.build_sample_e0_t0/samples/Prob001_zero/sample_01.json,pass,ok,1,0-5,1,1,0,0,0,0,"{""$buf"": 1}",ok,1,0-5,1,1,0,0,0,0,"{""$buf"": 1}",1.0,,yes,
verilogeval,Prob002_m2014_q4i,e0_t0,VE_testbench/langgraph/.build_sample_e0_t0/samples/Prob002_m2014_q4i/sample_01.json,pass,ok,1,0-5,1,1,0,0,0,0,"{""$buf"": 1}",ok,1,0-5,1,1,0,0,0,0,"{""$buf"": 1}",1.0,,yes,
verilogeval,Prob003_step_one,e0_t0,VE_testbench/langgraph/.build_sample_e0_t0/samples/Prob003_step_one/sample_01.json,pass,ok,1,0-5,1,1,0,0,0,0,"{""$buf"": 1}",ok,1,0-5,1,1,0,0,0,0,"{""$buf"": 1}",1.0,,yes,
verilogeval,Prob004_vector2,e0_t0,VE_testbench/langgraph/.build_sample_e0_t0/samples/Prob004_vector2/sample_01.json,pass,ok,1,0-5,2,1,0,0,0,0,"{""$buf"": 1}",ok,1,0-5,2,1,0,0,0,0,"{""$buf"": 1}",1.0,,yes,
verilogeval,Prob005_notgate,e0_t0,VE_testbench/langgraph/.build_sample_e0_t0/samples/Prob005_notgate/sample_01.json,pass,ok,2,0-5,3,2,0,0,0,0,"{""$buf"": 1, ""$not"": 1}",ok,2,0-5,3,2,0,0,0,0,"{""$buf"": 1, ""$not"": 1}",1.0,,yes,
verilogeval,Prob006_vectorr,e0_t0,VE_testbench/langgraph/.build_sample_e0_t0/samples/Prob006_vectorr/sample_01.json,pass,ok,1,0-5,2,1,0,0,0,0,"{""$buf"": 1}",ok,1,0-5,2,1,0,0,0,0,"{""$buf"": 1}",1.0,,yes,
verilogeval,Prob007_wire,e0_t0,VE_testbench/langgraph/.build_sample_e0_t0/samples/Prob007_wire/sample_01.json,pass,ok,1,0-5,2,1,0,0,0,0,"{""$buf"": 1}",ok,1,0-5,2,1,0,0,0,0,"{""$buf"": 1}",1.0,,yes,
verilogeval,Prob008_m2014_q4h,e0_t0,VE_testbench/langgraph/.build_sample_e0_t0/samples/Prob008_m2014_q4h/sample_01.json,pass,ok,1,0-5,2,1,0,0,0,0,"{""$buf"": 1}",ok,1,0-5,2,1,0,0,0,0,"{""$buf"": 1}",1.0,,yes,
verilogeval,Prob009_popcount3,e0_t0,VE_testbench/langgraph/.build_sample_e0_t0/samples/Prob009_popcount3/sample_01.json,pass,ok,6,6-10,13,3,0,0,0,0,"{""$add"": 2, ""$buf"": 1, ""$mux"": 3}",ok,3,0-5,4,2,0,0,0,0,"{""$add"": 2, ""$buf"": 1}",2.0,,yes,
verilogeval,Prob010_mt2015_q4a,e0_t0,VE_testbench/langgraph/.build_sample_e0_t0/samples/Prob010_mt2015_q4a/sample_01.json,pass,ok,3,0-5,5,3,0,0,0,0,"{""$and"": 1, ""$buf"": 1, ""$xor"": 1}",ok,3,0-5,5,3,0,0,0,0,"{""$and"": 1, ""$buf"": 1, ""$xor"": 1}",1.0,,yes,
verilogeval,Prob011_norgate,e0_t0,VE_testbench/langgraph/.build_sample_e0_t0/samples/Prob011_norgate/sample_01.json,pass,ok,3,0-5,5,3,0,0,0,0,"{""$buf"": 1, ""$not"": 1, ""$or"": 1}",ok,3,0-5,5,3,0,0,0,0,"{""$buf"": 1, ""$not"": 1, ""$or"": 1}",1.0,,yes,
verilogeval,Prob012_xnorgate,e0_t0,VE_testbench/langgraph/.build_sample_e0_t0/samples/Prob012_xnorgate/sample_01.json,pass,ok,2,0-5,4,2,0,0,0,0,"{""$buf"": 1, ""$eq"": 1}",ok,3,0-5,5,3,0,0,0,0,"{""$buf"": 1, ""$not"": 1, ""$xor"": 1}",0.6667,,yes,
verilogeval,Prob013_m2014_q4e,e0_t0,VE_testbench/langgraph/.build_sample_e0_t0/samples/Prob013_m2014_q4e/sample_01.json,pass,ok,3,0-5,5,3,0,0,0,0,"{""$buf"": 1, ""$not"": 1, ""$or"": 1}",ok,3,0-5,5,3,0,0,0,0,"{""$buf"": 1, ""$not"": 1, ""$or"": 1}",1.0,,yes,
verilogeval,Prob014_andgate,e0_t0,VE_testbench/langgraph/.build_sample_e0_t0/samples/Prob014_andgate/sample_01.json,pass,ok,2,0-5,4,2,0,0,0,0,"{""$and"": 1, ""$buf"": 1}",ok,2,0-5,4,2,0,0,0,0,"{""$and"": 1, ""$buf"": 1}",1.0,,yes,
verilogeval,Prob015_vector1,e0_t0,VE_testbench/langgraph/.build_sample_e0_t0/samples/Prob015_vector1/sample_01.json,pass,ok,2,0-5,3,1,0,0,0,0,"{""$buf"": 2}",ok,1,0-5,3,1,0,0,0,0,"{""$buf"": 1}",2.0,,yes,
verilogeval,Prob016_m2014_q4j,e0_t0,VE_testbench/langgraph/.build_sample_e0_t0/samples/Prob016_m2014_q4j/sample_01.json,pass,ok,12,11-15,12,2,0,0,0,0,"{""$add"": 7, ""$buf"": 5}",ok,2,0-5,4,2,0,0,0,0,"{""$add"": 1, ""$buf"": 1}",6.0,,yes,
verilogeval,Prob017_mux2to1v,e0_t0,VE_testbench/langgraph/.build_sample_e0_t0/samples/Prob017_mux2to1v/sample_01.json,pass,ok,3,0-5,8,3,0,0,0,0,"{""$buf"": 1, ""$mux"": 1, ""$not"": 1}",ok,2,0-5,5,2,0,0,0,0,"{""$buf"": 1, ""$mux"": 1}",1.5,,yes,
verilogeval,Prob018_mux256to1,e0_t0,VE_testbench/langgraph/.build_sample_e0_t0/samples/Prob018_mux256to1/sample_01.json,pass,ok,4,0-5,7,4,0,0,0,0,"{""$bmux"": 1, ""$buf"": 1, ""$lt"": 1, ""$mux"": 1}",ok,4,0-5,6,4,0,0,0,0,"{""$bmux"": 1, ""$buf"": 1, ""$lt"": 1, ""$mux"": 1}",1.0,,yes,
verilogeval,Prob019_m2014_q4f,e0_t0,VE_testbench/langgraph/.build_sample_e0_t0/samples/Prob019_m2014_q4f/sample_01.json,pass,ok,3,0-5,5,3,0,0,0,0,"{""$and"": 1, ""$buf"": 1, ""$not"": 1}",ok,3,0-5,5,3,0,0,0,0,"{""$and"": 1, ""$buf"": 1, ""$not"": 1}",1.0,,yes,
verilogeval,Prob020_mt2015_eq2,e0_t0,VE_testbench/langgraph/.build_sample_e0_t0/samples/Prob020_mt2015_eq2/sample_01.json,pass,ok,3,0-5,5,3,0,0,0,0,"{""$buf"": 1, ""$eq"": 1, ""$mux"": 1}",ok,2,0-5,4,2,0,0,0,0,"{""$buf"": 1, ""$eq"": 1}",1.5,,yes,
verilogeval,Prob021_mux256to1v,e0_t0,VE_testbench/langgraph/.build_sample_e0_t0/samples/Prob021_mux256to1v/sample_01.json,fail_ts,ok,34,16+,37,4,0,0,0,0,"{""$buf"": 1, ""$eq"": 31, ""$logic_not"": 1, ""$pmux"": 1}",ok,21,16+,23,6,0,0,0,0,"{""$add"": 4, ""$bmux"": 4, ""$buf"": 1, ""$lt"": 4, ""$mul"": 4, ""$mux"": 4}",,,no,functional_status=fail_ts
verilogeval,Prob022_mux2to1,e0_t0,VE_testbench/langgraph/.build_sample_e0_t0/samples/Prob022_mux2to1/sample_01.json,pass,ok,2,0-5,5,2,0,0,0,0,"{""$buf"": 1, ""$mux"": 1}",ok,2,0-5,5,2,0,0,0,0,"{""$buf"": 1, ""$mux"": 1}",1.0,,yes,
verilogeval,Prob023_vector100r,e0_t0,VE_testbench/langgraph/.build_sample_e0_t0/samples/Prob023_vector100r/sample_01.json,pass,ok,1,0-5,3,1,0,0,0,0,"{""$buf"": 1}",ok,1,0-5,2,1,0,0,0,0,"{""$buf"": 1}",1.0,,yes,
verilogeval,Prob024_hadd,e0_t0,VE_testbench/langgraph/.build_sample_e0_t0/samples/Prob024_hadd/sample_01.json,pass,ok,4,0-5,6,3,0,0,0,0,"{""$and"": 1, ""$buf"": 2, ""$xor"": 1}",ok,2,0-5,5,2,0,0,0,0,"{""$add"": 1, ""$buf"": 1}",2.0,,yes,
verilogeval,Prob025_reduction,e0_t0,VE_testbench/langgraph/.build_sample_e0_t0/samples/Prob025_reduction/sample_01.json,pass,ok,8,6-10,9,2,0,0,0,0,"{""$buf"": 1, ""$xor"": 7}",ok,2,0-5,3,2,0,0,0,0,"{""$buf"": 1, ""$reduce_xor"": 1}",4.0,,yes,
verilogeval,Prob026_alwaysblock1,e0_t0,VE_testbench/langgraph/.build_sample_e0_t0/samples/Prob026_alwaysblock1/sample_01.json,pass,ok,4,0-5,6,2,0,0,0,0,"{""$and"": 2, ""$buf"": 2}",ok,4,0-5,6,2,0,0,0,0,"{""$and"": 2, ""$buf"": 2}",1.0,,yes,
verilogeval,Prob027_fadd,e0_t0,VE_testbench/langgraph/.build_sample_e0_t0/samples/Prob027_fadd/sample_01.json,pass,ok,8,6-10,11,4,0,0,0,0,"{""$and"": 2, ""$buf"": 2, ""$or"": 1, ""$xor"": 3}",ok,3,0-5,7,2,0,0,0,0,"{""$add"": 2, ""$buf"": 1}",2.6667,,yes,
verilogeval,Prob028_m2014_q4a,e0_t0,VE_testbench/langgraph/.build_sample_e0_t0/samples/Prob028_m2014_q4a/sample_01.json,pass,ok,4,0-5,12,2,0,1,0,0,"{""$dlatch"": 1, ""$mux"": 3}",ok,4,0-5,12,2,0,1,0,0,"{""$dlatch"": 1, ""$mux"": 3}",1.0,,yes,
verilogeval,Prob029_m2014_q4g,e0_t0,VE_testbench/langgraph/.build_sample_e0_t0/samples/Prob029_m2014_q4g/sample_01.json,pass,ok,4,0-5,7,3,0,0,0,0,"{""$buf"": 2, ""$eq"": 1, ""$xor"": 1}",ok,4,0-5,7,3,0,0,0,0,"{""$buf"": 1, ""$not"": 1, ""$xor"": 2}",1.0,,yes,
verilogeval,Prob030_popcount255,e0_t0,VE_testbench/langgraph/.build_sample_e0_t0/samples/Prob030_popcount255/sample_01.json,pass,ok,256,16+,258,2,0,0,0,0,"{""$add"": 255, ""$buf"": 1}",ok,256,16+,257,2,0,0,0,0,"{""$add"": 255, ""$buf"": 1}",1.0,,yes,
verilogeval,Prob031_dff,e0_t0,VE_testbench/langgraph/.build_sample_e0_t0/samples/Prob031_dff/sample_01.json,pass,ok,1,0-5,3,1,1,0,0,0,"{""$dff"": 1}",ok,1,0-5,3,1,1,0,0,0,"{""$dff"": 1}",1.0,1.0,yes,
verilogeval,Prob032_vector0,e0_t0,VE_testbench/langgraph/.build_sample_e0_t0/samples/Prob032_vector0/sample_01.json,pass,ok,4,0-5,5,1,0,0,0,0,"{""$buf"": 4}",ok,2,0-5,5,1,0,0,0,0,"{""$buf"": 2}",2.0,,yes,
verilogeval,Prob033_ece241_2014_q1c,e0_t0,VE_testbench/langgraph/.build_sample_e0_t0/samples/Prob033_ece241_2014_q1c/sample_01.json,pass,ok,5,0-5,10,5,0,0,0,0,"{""$add"": 1, ""$buf"": 1, ""$gt"": 1, ""$logic_or"": 1, ""$lt"": 1}",ok,8,6-10,10,6,0,0,0,0,"{""$add"": 1, ""$buf"": 3, ""$logic_and"": 1, ""$logic_not"": 1, ""$ne"": 1, ""$xor"": 1}",0.625,,yes,
verilogeval,Prob034_dff8,e0_t0,VE_testbench/langgraph/.build_sample_e0_t0/samples/Prob034_dff8/sample_01.json,pass,ok,1,0-5,3,1,1,0,0,0,"{""$dff"": 1}",ok,1,0-5,3,1,1,0,0,0,"{""$dff"": 1}",1.0,1.0,yes,
verilogeval,Prob035_count1to10,e0_t0,VE_testbench/langgraph/.build_sample_e0_t0/samples/Prob035_count1to10/sample_01.json,fail_ts,error_other,,,,,,,,,{},ok,5,0-5,9,5,1,0,0,0,"{""$add"": 1, ""$dff"": 1, ""$eq"": 1, ""$logic_or"": 1, ""$mux"": 1}",,,no,functional_status=fail_ts; gen_synth_status=error_other
verilogeval,Prob036_ringer,e0_t0,VE_testbench/langgraph/.build_sample_e0_t0/samples/Prob036_ringer/sample_01.json,pass,ok,5,0-5,7,3,0,0,0,0,"{""$and"": 2, ""$buf"": 2, ""$not"": 1}",ok,5,0-5,7,3,0,0,0,0,"{""$and"": 2, ""$buf"": 2, ""$not"": 1}",1.0,,yes,
verilogeval,Prob037_review2015_count1k,e0_t0,VE_testbench/langgraph/.build_sample_e0_t0/samples/Prob037_review2015_count1k/sample_01.json,fail_ts,ok,3,0-5,5,3,1,0,0,0,"{""$add"": 1, ""$aldff"": 1, ""$logic_not"": 1}",ok,5,0-5,9,5,1,0,0,0,"{""$add"": 1, ""$dff"": 1, ""$eq"": 1, ""$logic_or"": 1, ""$mux"": 1}",,,no,functional_status=fail_ts
verilogeval,Prob038_count15,e0_t0,VE_testbench/langgraph/.build_sample_e0_t0/samples/Prob038_count15/sample_01.json,fail_ts,ok,3,0-5,5,3,1,0,0,0,"{""$add"": 1, ""$aldff"": 1, ""$logic_not"": 1}",ok,3,0-5,7,3,1,0,0,0,"{""$add"": 1, ""$dff"": 1, ""$mux"": 1}",,,no,functional_status=fail_ts
verilogeval,Prob039_always_if,e0_t0,VE_testbench/langgraph/.build_sample_e0_t0/samples/Prob039_always_if/sample_01.json,pass,ok,6,6-10,12,3,0,0,0,0,"{""$buf"": 2, ""$logic_and"": 2, ""$mux"": 2}",ok,6,6-10,10,3,0,0,0,0,"{""$and"": 2, ""$buf"": 2, ""$mux"": 2}",1.0,,yes,
verilogeval,Prob040_count10,e0_t0,VE_testbench/langgraph/.build_sample_e0_t0/samples/Prob040_count10/sample_01.json,fail_ts,ok,3,0-5,5,3,1,0,0,0,"{""$add"": 1, ""$aldff"": 1, ""$logic_not"": 1}",ok,5,0-5,9,5,1,0,0,0,"{""$add"": 1, ""$dff"": 1, ""$eq"": 1, ""$logic_or"": 1, ""$mux"": 1}",,,no,functional_status=fail_ts
verilogeval,Prob041_dff8r,e0_t0,VE_testbench/langgraph/.build_sample_e0_t0/samples/Prob041_dff8r/sample_01.json,fail_ts,ok,2,0-5,5,2,1,0,0,0,"{""$aldff"": 1, ""$logic_not"": 1}",ok,2,0-5,7,2,1,0,0,0,"{""$dff"": 1, ""$mux"": 1}",,,no,functional_status=fail_ts
verilogeval,Prob042_vector4,e0_t0,VE_testbench/langgraph/.build_sample_e0_t0/samples/Prob042_vector4/sample_01.json,pass,ok,1,0-5,2,1,0,0,0,0,"{""$buf"": 1}",ok,1,0-5,2,1,0,0,0,0,"{""$buf"": 1}",1.0,,yes,
verilogeval,Prob043_vector5,e0_t0,VE_testbench/langgraph/.build_sample_e0_t0/samples/Prob043_vector5/sample_01.json,pass,ok,51,16+,56,3,0,0,0,0,"{""$buf"": 1, ""$not"": 25, ""$xor"": 25}",ok,3,0-5,8,3,0,0,0,0,"{""$buf"": 1, ""$not"": 1, ""$xor"": 1}",17.0,,yes,
verilogeval,Prob044_vectorgates,e0_t0,VE_testbench/langgraph/.build_sample_e0_t0/samples/Prob044_vectorgates/sample_01.json,pass,ok,8,6-10,9,4,0,0,0,0,"{""$buf"": 4, ""$logic_or"": 1, ""$not"": 2, ""$or"": 1}",ok,7,6-10,9,4,0,0,0,0,"{""$buf"": 3, ""$logic_or"": 1, ""$not"": 2, ""$or"": 1}",1.1429,,yes,
verilogeval,Prob045_edgedetect2,e0_t0,VE_testbench/langgraph/.build_sample_e0_t0/samples/Prob045_edgedetect2/sample_01.json,pass,ok,3,0-5,5,2,2,0,0,0,"{""$dff"": 2, ""$xor"": 1}",ok,3,0-5,5,2,2,0,0,0,"{""$dff"": 2, ""$xor"": 1}",1.0,1.0,yes,
verilogeval,Prob046_dff8p,e0_t0,VE_testbench/langgraph/.build_sample_e0_t0/samples/Prob046_dff8p/sample_01.json,pass,ok,2,0-5,7,2,1,0,0,0,"{""$dff"": 1, ""$mux"": 1}",ok,2,0-5,7,2,1,0,0,0,"{""$dff"": 1, ""$mux"": 1}",1.0,1.0,yes,
verilogeval,Prob047_dff8ar,e0_t0,VE_testbench/langgraph/.build_sample_e0_t0/samples/Prob047_dff8ar/sample_01.json,pass,ok,2,0-5,5,2,1,0,0,0,"{""$aldff"": 1, ""$logic_not"": 1}",ok,2,0-5,5,2,1,0,0,0,"{""$aldff"": 1, ""$logic_not"": 1}",1.0,1.0,yes,
verilogeval,Prob048_m2014_q4c,e0_t0,VE_testbench/langgraph/.build_sample_e0_t0/samples/Prob048_m2014_q4c/sample_01.json,pass,ok,2,0-5,7,2,1,0,0,0,"{""$dff"": 1, ""$mux"": 1}",ok,2,0-5,7,2,1,0,0,0,"{""$dff"": 1, ""$mux"": 1}",1.0,1.0,yes,
verilogeval,Prob049_m2014_q4b,e0_t0,VE_testbench/langgraph/.build_sample_e0_t0/samples/Prob049_m2014_q4b/sample_01.json,pass,ok,3,0-5,6,3,1,0,0,0,"{""$aldff"": 1, ""$buf"": 1, ""$logic_not"": 1}",ok,2,0-5,5,2,1,0,0,0,"{""$aldff"": 1, ""$logic_not"": 1}",1.5,1.0,yes,
verilogeval,Prob050_kmap1,e0_t0,VE_testbench/langgraph/.build_sample_e0_t0/samples/Prob050_kmap1/sample_01.json,pass,ok,10,6-10,22,3,0,0,0,0,"{""$buf"": 1, ""$mux"": 6, ""$not"": 3}",ok,3,0-5,6,2,0,0,0,0,"{""$buf"": 1, ""$or"": 2}",3.3333,,yes,
verilogeval,Prob051_gates4,e0_t0,VE_testbench/langgraph/.build_sample_e0_t0/samples/Prob051_gates4/sample_01.json,pass,ok,12,11-15,13,4,0,0,0,0,"{""$and"": 3, ""$buf"": 3, ""$or"": 3, ""$xor"": 3}",ok,6,6-10,7,4,0,0,0,0,"{""$buf"": 3, ""$reduce_and"": 1, ""$reduce_or"": 1, ""$reduce_xor"": 1}",2.0,,yes,
verilogeval,Prob052_gates100,e0_t0,VE_testbench/langgraph/.build_sample_e0_t0/samples/Prob052_gates100/sample_01.json,pass,ok,6,6-10,7,4,0,0,0,0,"{""$buf"": 3, ""$reduce_and"": 1, ""$reduce_or"": 1, ""$reduce_xor"": 1}",ok,6,6-10,7,4,0,0,0,0,"{""$buf"": 3, ""$reduce_and"": 1, ""$reduce_or"": 1, ""$reduce_xor"": 1}",1.0,,yes,
verilogeval,Prob053_m2014_q4d,e0_t0,VE_testbench/langgraph/.build_sample_e0_t0/samples/Prob053_m2014_q4d/sample_01.json,fail_ts,ok,3,0-5,5,3,1,0,0,0,"{""$buf"": 1, ""$dff"": 1, ""$xor"": 1}",ok,2,0-5,4,2,1,0,0,0,"{""$dff"": 1, ""$xor"": 1}",,,no,functional_status=fail_ts
verilogeval,Prob054_edgedetect,e0_t0,VE_testbench/langgraph/.build_sample_e0_t0/samples/Prob054_edgedetect/sample_01.json,pass,ok,26,16+,52,4,2,0,0,0,"{""$dff"": 2, ""$logic_and"": 8, ""$mux"": 8, ""$not"": 8}",ok,4,0-5,6,3,2,0,0,0,"{""$and"": 1, ""$dff"": 2, ""$not"": 1}",6.5,1.0,yes,
verilogeval,Prob055_conditional,e0_t0,VE_testbench/langgraph/.build_sample_e0_t0/samples/Prob055_conditional/sample_01.json,pass,ok,7,6-10,18,3,0,0,0,0,"{""$buf"": 1, ""$lt"": 3, ""$mux"": 3}",ok,7,6-10,17,3,0,0,0,0,"{""$buf"": 1, ""$gt"": 3, ""$mux"": 3}",1.0,,yes,
verilogeval,Prob056_ece241_2013_q7,e0_t0,VE_testbench/langgraph/.build_sample_e0_t0/samples/Prob056_ece241_2013_q7/sample_01.json,pass,ok,10,6-10,22,5,1,0,0,0,"{""$buf"": 1, ""$dff"": 1, ""$logic_and"": 1, ""$mux"": 6, ""$not"": 1}",ok,6,6-10,9,4,1,0,0,0,"{""$and"": 2, ""$dff"": 1, ""$not"": 2, ""$or"": 1}",1.6667,1.0,yes,
verilogeval,Prob057_kmap2,e0_t0,VE_testbench/langgraph/.build_sample_e0_t0/samples/Prob057_kmap2/sample_01.json,fail_ts,ok,3,0-5,7,3,0,0,1,16,"{""$buf"": 1, ""$meminit"": 1, ""$memrd_v2"": 1}",ok,14,11-15,18,4,0,0,0,0,"{""$and"": 6, ""$buf"": 1, ""$not"": 4, ""$or"": 3}",,,no,functional_status=fail_ts
verilogeval,Prob058_alwaysblock2,e0_t0,VE_testbench/langgraph/.build_sample_e0_t0/samples/Prob058_alwaysblock2/sample_01.json,pass,ok,6,6-10,9,3,1,0,0,0,"{""$buf"": 2, ""$dff"": 1, ""$xor"": 3}",ok,6,6-10,9,3,1,0,0,0,"{""$buf"": 2, ""$dff"": 1, ""$xor"": 3}",1.0,1.0,yes,
verilogeval,Prob059_wire4,e0_t0,VE_testbench/langgraph/.build_sample_e0_t0/samples/Prob059_wire4/sample_01.json,pass,ok,4,0-5,7,1,0,0,0,0,"{""$buf"": 4}",ok,1,0-5,7,1,0,0,0,0,"{""$buf"": 1}",4.0,,yes,
verilogeval,Prob060_m2014_q4k,e0_t0,VE_testbench/langgraph/.build_sample_e0_t0/samples/Prob060_m2014_q4k/sample_01.json,fail_ts,ok,3,0-5,7,3,1,0,0,0,"{""$aldff"": 1, ""$buf"": 1, ""$logic_not"": 1}",ok,4,0-5,9,4,1,0,0,0,"{""$buf"": 1, ""$dff"": 1, ""$mux"": 1, ""$not"": 1}",,,no,functional_status=fail_ts
verilogeval,Prob061_2014_q4a,e0_t0,VE_testbench/langgraph/.build_sample_e0_t0/samples/Prob061_2014_q4a/sample_01.json,pass,ok,4,0-5,14,2,1,0,0,0,"{""$dff"": 1, ""$mux"": 3}",ok,4,0-5,14,2,1,0,0,0,"{""$dff"": 1, ""$mux"": 3}",1.0,1.0,yes,
verilogeval,Prob062_bugs_mux2,e0_t0,VE_testbench/langgraph/.build_sample_e0_t0/samples/Prob062_bugs_mux2/sample_01.json,fail_ts,ok,5,0-5,8,4,0,0,0,0,"{""$and"": 2, ""$buf"": 1, ""$not"": 1, ""$or"": 1}",ok,2,0-5,5,2,0,0,0,0,"{""$buf"": 1, ""$mux"": 1}",,,no,functional_status=fail_ts
verilogeval,Prob063_review2015_shiftcount,e0_t0,VE_testbench/langgraph/.build_sample_e0_t0/samples/Prob063_review2015_shiftcount/sample_01.json,fail_ts,ok,5,0-5,14,3,1,0,0,0,"{""$dff"": 1, ""$mux"": 3, ""$sub"": 1}",ok,5,0-5,14,3,1,0,0,0,"{""$dff"": 1, ""$mux"": 3, ""$sub"": 1}",,,no,functional_status=fail_ts
verilogeval,Prob064_vector3,e0_t0,VE_testbench/langgraph/.build_sample_e0_t0/samples/Prob064_vector3/sample_01.json,pass,ok,5,0-5,11,1,0,0,0,0,"{""$buf"": 5}",ok,1,0-5,10,1,0,0,0,0,"{""$buf"": 1}",5.0,,yes,
verilogeval,Prob065_7420,e0_t0,VE_testbench/langgraph/.build_sample_e0_t0/samples/Prob065_7420/sample_01.json,pass,ok,10,6-10,18,3,0,0,0,0,"{""$and"": 6, ""$buf"": 2, ""$not"": 2}",ok,6,6-10,14,3,0,0,0,0,"{""$buf"": 2, ""$logic_not"": 2, ""$reduce_and"": 2}",1.6667,,yes,
verilogeval,Prob066_edgecapture,e0_t0,VE_testbench/langgraph/.build_sample_e0_t0/samples/Prob066_edgecapture/sample_01.json,fail_ts,ok,97,16+,196,5,1,0,0,0,"{""$aldff"": 1, ""$logic_and"": 32, ""$logic_not"": 1, ""$mux"": 32, ""$not"": 31}",ok,6,6-10,11,5,2,0,0,0,"{""$and"": 1, ""$dff"": 2, ""$mux"": 1, ""$not"": 1, ""$or"": 1}",,,no,functional_status=fail_ts
verilogeval,Prob067_countslow,e0_t0,VE_testbench/langgraph/.build_sample_e0_t0/samples/Prob067_countslow/sample_01.json,fail_ts,ok,4,0-5,9,4,1,0,0,0,"{""$add"": 1, ""$aldff"": 1, ""$logic_not"": 1, ""$mux"": 1}",ok,9,6-10,21,4,1,0,0,0,"{""$add"": 1, ""$dff"": 1, ""$eq"": 1, ""$mux"": 6}",,,no,functional_status=fail_ts
verilogeval,Prob068_countbcd,e0_t0,VE_testbench/langgraph/.build_sample_e0_t0/samples/Prob068_countbcd/sample_01.json,fail_ts,error_other,,,,,,,,,{},ok,34,16+,56,7,1,0,0,0,"{""$add"": 4, ""$buf"": 2, ""$dff"": 1, ""$eq"": 7, ""$logic_and"": 4, ""$logic_or"": 4, ""$mux"": 12}",,,no,functional_status=fail_ts; gen_synth_status=error_other
verilogeval,Prob069_truthtable1,e0_t0,VE_testbench/langgraph/.build_sample_e0_t0/samples/Prob069_truthtable1/sample_01.json,pass,ok,3,0-5,6,3,0,0,1,8,"{""$buf"": 1, ""$meminit"": 1, ""$memrd_v2"": 1}",ok,16,16+,19,4,0,0,0,0,"{""$and"": 8, ""$buf"": 1, ""$not"": 4, ""$or"": 3}",0.1875,,yes,
verilogeval,Prob070_ece241_2013_q2,e0_t0,VE_testbench/langgraph/.build_sample_e0_t0/samples/Prob070_ece241_2013_q2/sample_01.json,fail_ts,ok,33,16+,37,4,0,0,0,0,"{""$and"": 20, ""$buf"": 2, ""$not"": 9, ""$or"": 2}",ok,24,16+,28,6,0,0,0,0,"{""$and"": 7, ""$buf"": 4, ""$eq"": 1, ""$mux"": 1, ""$not"": 6, ""$or"": 5}",,,no,functional_status=fail_ts
verilogeval,Prob071_always_casez,e0_t0,VE_testbench/langgraph/.build_sample_e0_t0/samples/Prob071_always_casez/sample_01.json,pass,ok,37,16+,82,2,0,0,0,0,"{""$buf"": 1, ""$mux"": 36}",ok,9,6-10,19,2,0,0,0,0,"{""$buf"": 1, ""$mux"": 8}",4.1111,,yes,
verilogeval,Prob072_thermostat,e0_t0,VE_testbench/langgraph/.build_sample_e0_t0/samples/Prob072_thermostat/sample_01.json,pass,ok,20,16+,55,4,0,0,0,0,"{""$buf"": 1, ""$logic_and"": 2, ""$mux"": 16, ""$not"": 1}",ok,8,6-10,12,5,0,0,0,0,"{""$and"": 2, ""$buf"": 3, ""$mux"": 1, ""$not"": 1, ""$or"": 1}",2.5,,yes,
verilogeval,Prob073_dff16e,e0_t0,VE_testbench/langgraph/.build_sample_e0_t0/samples/Prob073_dff16e/sample_01.json,fail_ts,ok,6,6-10,15,4,2,0,0,0,"{""$aldff"": 2, ""$buf"": 1, ""$logic_not"": 1, ""$mux"": 2}",ok,7,6-10,19,3,1,0,0,0,"{""$dff"": 1, ""$logic_not"": 1, ""$mux"": 5}",,,no,functional_status=fail_ts
verilogeval,Prob074_ece241_2014_q4,e0_t0,VE_testbench/langgraph/.build_sample_e0_t0/samples/Prob074_ece241_2014_q4/sample_01.json,fail_ts,ok,12,11-15,14,6,3,0,0,0,"{""$and"": 1, ""$buf"": 1, ""$dff"": 3, ""$not"": 3, ""$or"": 3, ""$xor"": 1}",ok,9,6-10,11,8,1,0,0,0,"{""$and"": 1, ""$buf"": 1, ""$dff"": 1, ""$logic_not"": 1, ""$not"": 2, ""$or"": 1, ""$reduce_or"": 1, ""$xor"": 1}",,,no,functional_status=fail_ts
verilogeval,Prob075_counter_2bc,e0_t0,VE_testbench/langgraph/.build_sample_e0_t0/samples/Prob075_counter_2bc/sample_01.json,pass,ok,16,16+,29,9,1,0,0,0,"{""$add"": 1, ""$aldff"": 1, ""$buf"": 1, ""$gt"": 1, ""$logic_and"": 2, ""$logic_not"": 2, ""$lt"": 1, ""$mux"": 6, ""$sub"": 1}",ok,15,11-15,28,8,1,0,0,0,"{""$add"": 1, ""$aldff"": 1, ""$gt"": 1, ""$logic_and"": 2, ""$logic_not"": 2, ""$lt"": 1, ""$mux"": 6, ""$sub"": 1}",1.0667,1.0,yes,
verilogeval,Prob076_always_case,e0_t0,VE_testbench/langgraph/.build_sample_e0_t0/samples/Prob076_always_case/sample_01.json,pass,ok,8,6-10,16,4,0,0,0,0,"{""$buf"": 1, ""$eq"": 5, ""$logic_not"": 1, ""$pmux"": 1}",ok,8,6-10,16,4,0,0,0,0,"{""$buf"": 1, ""$eq"": 5, ""$logic_not"": 1, ""$pmux"": 1}",1.0,,yes,
verilogeval,Prob077_wire_decl,e0_t0,VE_testbench/langgraph/.build_sample_e0_t0/samples/Prob077_wire_decl/sample_01.json,pass,ok,9,6-10,13,4,0,0,0,0,"{""$and"": 2, ""$buf"": 5, ""$not"": 1, ""$or"": 1}",ok,8,6-10,12,4,0,0,0,0,"{""$and"": 2, ""$buf"": 4, ""$not"": 1, ""$or"": 1}",1.125,,yes,
verilogeval,Prob078_dualedge,e0_t0,VE_testbench/langgraph/.build_sample_e0_t0/samples/Prob078_dualedge/sample_01.json,pass,ok,4,0-5,9,3,2,0,0,0,"{""$buf"": 1, ""$dff"": 2, ""$mux"": 1}",ok,4,0-5,6,3,2,0,0,0,"{""$buf"": 1, ""$dff"": 2, ""$mux"": 1}",1.0,1.0,yes,
verilogeval,Prob079_fsm3onehot,e0_t0,VE_testbench/langgraph/.build_sample_e0_t0/samples/Prob079_fsm3onehot/sample_01.json,pass,ok,24,16+,37,5,0,0,0,0,"{""$buf"": 1, ""$eq"": 9, ""$mux"": 9, ""$not"": 4, ""$pmux"": 1}",ok,15,11-15,14,4,0,0,0,0,"{""$and"": 4, ""$buf"": 5, ""$not"": 2, ""$or"": 4}",1.6,,yes,
verilogeval,Prob080_timer,e0_t0,VE_testbench/langgraph/.build_sample_e0_t0/samples/Prob080_timer/sample_01.json,pass,ok,9,6-10,17,6,1,0,0,0,"{""$buf"": 2, ""$dff"": 1, ""$gt"": 1, ""$logic_not"": 1, ""$mux"": 3, ""$sub"": 1}",ok,8,6-10,16,6,1,0,0,0,"{""$buf"": 1, ""$dff"": 1, ""$logic_not"": 1, ""$mux"": 3, ""$reduce_bool"": 1, ""$sub"": 1}",1.125,1.0,yes,
verilogeval,Prob081_7458,e0_t0,VE_testbench/langgraph/.build_sample_e0_t0/samples/Prob081_7458/sample_01.json,pass,ok,10,6-10,20,3,0,0,0,0,"{""$buf"": 2, ""$logic_and"": 6, ""$logic_or"": 2}",ok,8,6-10,18,3,0,0,0,0,"{""$buf"": 2, ""$or"": 2, ""$reduce_and"": 4}",1.25,,yes,
verilogeval,Prob082_lfsr32,e0_t0,VE_testbench/langgraph/.build_sample_e0_t0/samples/Prob082_lfsr32/sample_01.json,fail_ts,ok,6,6-10,8,3,2,0,0,0,"{""$aldff"": 2, ""$logic_not"": 1, ""$xor"": 3}",ok,6,6-10,10,4,1,0,0,0,"{""$buf"": 1, ""$dff"": 1, ""$mux"": 1, ""$xor"": 3}",,,no,functional_status=fail_ts
verilogeval,Prob083_mt2015_q4b,e0_t0,VE_testbench/langgraph/.build_sample_e0_t0/samples/Prob083_mt2015_q4b/sample_01.json,pass,ok,27,16+,57,4,0,1,0,0,"{""$dlatch"": 1, ""$logic_and"": 4, ""$mux"": 18, ""$not"": 4}",ok,3,0-5,5,3,0,0,0,0,"{""$buf"": 1, ""$not"": 1, ""$xor"": 1}",9.0,,yes,
verilogeval,Prob084_ece241_2013_q12,e0_t0,VE_testbench/langgraph/.build_sample_e0_t0/samples/Prob084_ece241_2013_q12/sample_01.json,pass,ok,39,16+,59,6,1,0,0,0,"{""$buf"": 1, ""$dff"": 1, ""$logic_and"": 16, ""$mux"": 8, ""$not"": 12, ""$tribuf"": 1}",ok,6,6-10,14,5,1,0,0,0,"{""$bmux"": 1, ""$buf"": 1, ""$dff"": 1, ""$lt"": 1, ""$mux"": 2}",6.5,1.0,yes,
verilogeval,Prob085_shift4,e0_t0,VE_testbench/langgraph/.build_sample_e0_t0/samples/Prob085_shift4/sample_01.json,fail_ts,ok,5,0-5,15,3,1,0,0,0,"{""$aldff"": 1, ""$logic_not"": 1, ""$mux"": 3}",ok,5,0-5,15,3,1,0,0,0,"{""$aldff"": 1, ""$logic_not"": 1, ""$mux"": 3}",,,no,functional_status=fail_ts
verilogeval,Prob086_lfsr5,e0_t0,VE_testbench/langgraph/.build_sample_e0_t0/samples/Prob086_lfsr5/sample_01.json,fail_ts,ok,4,0-5,6,3,1,0,0,0,"{""$aldff"": 1, ""$logic_not"": 1, ""$xor"": 2}",ok,4,0-5,8,4,1,0,0,0,"{""$buf"": 1, ""$dff"": 1, ""$mux"": 1, ""$xor"": 1}",,,no,functional_status=fail_ts
verilogeval,Prob087_gates,e0_t0,VE_testbench/langgraph/.build_sample_e0_t0/samples/Prob087_gates/sample_01.json,pass,ok,18,16+,20,5,0,0,0,0,"{""$and"": 3, ""$buf"": 7, ""$not"": 4, ""$or"": 2, ""$xor"": 2}",ok,17,16+,19,6,0,0,0,0,"{""$and"": 3, ""$buf"": 7, ""$not"": 3, ""$or"": 2, ""$xnor"": 1, ""$xor"": 1}",1.0588,,yes,
verilogeval,Prob088_ece241_2014_q5b,e0_t0,VE_testbench/langgraph/.build_sample_e0_t0/samples/Prob088_ece241_2014_q5b/sample_01.json,pass,ok,23,16+,36,7,1,0,0,0,"{""$aldff"": 1, ""$buf"": 2, ""$eq"": 4, ""$logic_not"": 5, ""$mux"": 7, ""$not"": 2, ""$pmux"": 2}",ok,11,11-15,18,8,1,0,0,0,"{""$aldff"": 1, ""$buf"": 1, ""$logic_and"": 2, ""$logic_not"": 1, ""$mux"": 1, ""$not"": 3, ""$or"": 1, ""$pmux"": 1}",2.0909,1.0,yes,
verilogeval,Prob089_ece241_2014_q5a,e0_t0,VE_testbench/langgraph/.build_sample_e0_t0/samples/Prob089_ece241_2014_q5a/sample_01.json,fail_ts,ok,108,16+,247,6,4,0,0,0,"{""$add"": 1, ""$aldff"": 2, ""$dffe"": 2, ""$logic_not"": 2, ""$mux"": 68, ""$not"": 33}",ok,11,11-15,15,6,1,0,0,0,"{""$aldff"": 1, ""$buf"": 1, ""$eq"": 3, ""$logic_not"": 2, ""$mux"": 3, ""$pmux"": 1}",,,no,functional_status=fail_ts
verilogeval,Prob090_circuit1,e0_t0,VE_testbench/langgraph/.build_sample_e0_t0/samples/Prob090_circuit1/sample_01.json,pass,ok,2,0-5,4,2,0,0,0,0,"{""$and"": 1, ""$buf"": 1}",ok,2,0-5,4,2,0,0,0,0,"{""$and"": 1, ""$buf"": 1}",1.0,,yes,
verilogeval,Prob091_2012_q2b,e0_t0,VE_testbench/langgraph/.build_sample_e0_t0/samples/Prob091_2012_q2b/sample_01.json,fail_ts,ok,2,0-5,4,1,0,0,0,0,"{""$buf"": 2}",ok,8,6-10,10,4,0,0,0,0,"{""$and"": 2, ""$buf"": 2, ""$not"": 1, ""$or"": 3}",,,no,functional_status=fail_ts
verilogeval,Prob092_gatesv100,e0_t0,VE_testbench/langgraph/.build_sample_e0_t0/samples/Prob092_gatesv100/sample_01.json,pass,ok,299,16+,302,4,0,0,0,0,"{""$and"": 99, ""$buf"": 1, ""$or"": 99, ""$xor"": 100}",ok,6,6-10,7,4,0,0,0,0,"{""$and"": 1, ""$buf"": 3, ""$or"": 1, ""$xor"": 1}",49.8333,,yes,
verilogeval,Prob093_ece241_2014_q3,e0_t0,VE_testbench/langgraph/.build_sample_e0_t0/samples/Prob093_ece241_2014_q3/sample_01.json,fail_ts,ok,12,11-15,11,3,0,0,0,0,"{""$and"": 4, ""$buf"": 4, ""$not"": 4}",ok,7,6-10,6,4,0,0,0,0,"{""$and"": 1, ""$buf"": 4, ""$not"": 1, ""$or"": 1}",,,no,functional_status=fail_ts
verilogeval,Prob094_gatesv,e0_t0,VE_testbench/langgraph/.build_sample_e0_t0/samples/Prob094_gatesv/sample_01.json,fail_ts,error_other,,,,,,,,,{},ok,6,6-10,7,4,0,0,0,0,"{""$and"": 1, ""$buf"": 3, ""$or"": 1, ""$xor"": 1}",,,no,functional_status=fail_ts; gen_synth_status=error_other
verilogeval,Prob095_review2015_fsmshift,e0_t0,VE_testbench/langgraph/.build_sample_e0_t0/samples/Prob095_review2015_fsmshift/sample_01.json,fail_ts,ok,17,16+,27,6,2,0,0,0,"{""$aldff"": 2, ""$eq"": 5, ""$logic_not"": 4, ""$mux"": 3, ""$not"": 1, ""$pmux"": 2}",ok,17,16+,22,7,1,0,0,0,"{""$buf"": 2, ""$dff"": 1, ""$eq"": 7, ""$logic_not"": 2, ""$logic_or"": 3, ""$mux"": 1, ""$pmux"": 1}",,,no,functional_status=fail_ts
verilogeval,Prob096_review2015_fsmseq,e0_t0,VE_testbench/langgraph/.build_sample_e0_t0/samples/Prob096_review2015_fsmseq/sample_01.json,fail_ts,ok,23,16+,38,7,1,0,0,0,"{""$aldff"": 1, ""$buf"": 2, ""$eq"": 7, ""$logic_not"": 3, ""$mux"": 8, ""$not"": 1, ""$pmux"": 1}",ok,15,11-15,21,6,1,0,0,0,"{""$buf"": 2, ""$dff"": 1, ""$eq"": 5, ""$logic_not"": 1, ""$mux"": 5, ""$pmux"": 1}",,,no,functional_status=fail_ts
verilogeval,Prob097_mux9to1v,e0_t0,VE_testbench/langgraph/.build_sample_e0_t0/samples/Prob097_mux9to1v/sample_01.json,pass,ok,11,11-15,22,4,0,0,0,0,"{""$buf"": 1, ""$eq"": 8, ""$logic_not"": 1, ""$pmux"": 1}",ok,11,11-15,22,4,0,0,0,0,"{""$buf"": 1, ""$eq"": 8, ""$logic_not"": 1, ""$pmux"": 1}",1.0,,yes,
verilogeval,Prob098_circuit7,e0_t0,VE_testbench/langgraph/.build_sample_e0_t0/samples/Prob098_circuit7/sample_01.json,fail_ts,ok,3,0-5,7,3,1,0,0,0,"{""$dff"": 1, ""$mux"": 1, ""$not"": 1}",ok,2,0-5,4,2,1,0,0,0,"{""$dff"": 1, ""$not"": 1}",,,no,functional_status=fail_ts
verilogeval,Prob099_m2014_q6c,e0_t0,VE_testbench/langgraph/.build_sample_e0_t0/samples/Prob099_m2014_q6c/sample_01.json,fail_ts,ok,74,16+,158,3,0,2,0,0,"{""$dlatch"": 2, ""$eq"": 6, ""$mux"": 66}",ok,8,6-10,10,4,0,0,0,0,"{""$and"": 2, ""$buf"": 2, ""$not"": 1, ""$or"": 3}",,,no,functional_status=fail_ts
verilogeval,Prob100_fsm3comb,e0_t0,VE_testbench/langgraph/.build_sample_e0_t0/samples/Prob100_fsm3comb/sample_01.json,pass,ok,27,16+,40,6,0,0,0,0,"{""$buf"": 1, ""$eq"": 9, ""$logic_not"": 3, ""$mux"": 8, ""$not"": 4, ""$pmux"": 2}",ok,12,11-15,15,5,0,0,0,0,"{""$buf"": 2, ""$eq"": 4, ""$logic_not"": 1, ""$mux"": 4, ""$pmux"": 1}",2.25,,yes,
verilogeval,Prob101_circuit4,e0_t0,VE_testbench/langgraph/.build_sample_e0_t0/samples/Prob101_circuit4/sample_01.json,pass,ok,57,16+,117,3,0,0,0,0,"{""$buf"": 1, ""$mux"": 41, ""$not"": 15}",ok,2,0-5,6,2,0,0,0,0,"{""$buf"": 1, ""$or"": 1}",28.5,,yes,
verilogeval,Prob102_circuit3,e0_t0,VE_testbench/langgraph/.build_sample_e0_t0/samples/Prob102_circuit3/sample_01.json,pass,ok,3,0-5,7,3,0,0,1,16,"{""$buf"": 1, ""$meminit"": 1, ""$memrd_v2"": 1}",ok,4,0-5,8,3,0,0,0,0,"{""$and"": 1, ""$buf"": 1, ""$or"": 2}",0.75,,yes,
verilogeval,Prob103_circuit2,e0_t0,VE_testbench/langgraph/.build_sample_e0_t0/samples/Prob103_circuit2/sample_01.json,pass,ok,3,0-5,7,3,0,0,1,16,"{""$buf"": 1, ""$meminit"": 1, ""$memrd_v2"": 1}",ok,5,0-5,9,3,0,0,0,0,"{""$buf"": 1, ""$not"": 1, ""$xor"": 3}",0.6,,yes,
verilogeval,Prob104_mt2015_muxdff,e0_t0,VE_testbench/langgraph/.build_sample_e0_t0/samples/Prob104_mt2015_muxdff/sample_01.json,fail_ts,ok,2,0-5,8,2,1,0,0,0,"{""$dff"": 1, ""$mux"": 1}",ok,2,0-5,6,2,1,0,0,0,"{""$dff"": 1, ""$mux"": 1}",,,no,functional_status=fail_ts
verilogeval,Prob105_rotate100,e0_t0,VE_testbench/langgraph/.build_sample_e0_t0/samples/Prob105_rotate100/sample_01.json,pass,ok,10,6-10,23,4,1,0,0,0,"{""$buf"": 1, ""$dff"": 1, ""$eq"": 2, ""$mux"": 6}",ok,9,6-10,22,3,1,0,0,0,"{""$dff"": 1, ""$eq"": 2, ""$mux"": 6}",1.1111,1.0,yes,
verilogeval,Prob106_always_nolatches,e0_t0,VE_testbench/langgraph/.build_sample_e0_t0/samples/Prob106_always_nolatches/sample_01.json,pass,ok,5,0-5,9,2,0,0,0,0,"{""$buf"": 1, ""$eq"": 4}",ok,9,6-10,17,3,0,0,0,0,"{""$buf"": 1, ""$eq"": 4, ""$mux"": 4}",0.5556,,yes,
verilogeval,Prob107_fsm1s,e0_t0,VE_testbench/langgraph/.build_sample_e0_t0/samples/Prob107_fsm1s/sample_01.json,fail_ts,ok,11,11-15,17,4,1,0,0,0,"{""$aldff"": 1, ""$buf"": 2, ""$logic_not"": 4, ""$mux"": 4}",ok,8,6-10,16,5,1,0,0,0,"{""$buf"": 2, ""$dff"": 1, ""$mux"": 3, ""$not"": 1, ""$pmux"": 1}",,,no,functional_status=fail_ts
verilogeval,Prob108_rule90,e0_t0,VE_testbench/langgraph/.build_sample_e0_t0/samples/Prob108_rule90/sample_01.json,fail_ts,ok,1026,16+,1031,3,1,0,0,0,"{""$dff"": 1, ""$mux"": 1, ""$xor"": 1024}",ok,3,0-5,8,3,1,0,0,0,"{""$dff"": 1, ""$mux"": 1, ""$xor"": 1}",,,no,functional_status=fail_ts
verilogeval,Prob109_fsm1,e0_t0,VE_testbench/langgraph/.build_sample_e0_t0/samples/Prob109_fsm1/sample_01.json,pass,ok,16,16+,24,7,1,0,0,0,"{""$aldff"": 1, ""$buf"": 1, ""$eq"": 2, ""$logic_not"": 4, ""$mux"": 5, ""$not"": 2, ""$pmux"": 1}",ok,8,6-10,14,6,1,0,0,0,"{""$aldff"": 1, ""$buf"": 2, ""$logic_not"": 1, ""$mux"": 2, ""$not"": 1, ""$pmux"": 1}",2.0,1.0,yes,
verilogeval,Prob110_fsm2,e0_t0,VE_testbench/langgraph/.build_sample_e0_t0/samples/Prob110_fsm2/sample_01.json,pass,ok,17,16+,35,5,2,0,0,0,"{""$aldff"": 2, ""$logic_not"": 1, ""$mux"": 8, ""$not"": 4, ""$pmux"": 2}",ok,8,6-10,15,6,1,0,0,0,"{""$aldff"": 1, ""$buf"": 2, ""$logic_not"": 1, ""$mux"": 2, ""$not"": 1, ""$pmux"": 1}",2.125,2.0,yes,
verilogeval,Prob111_fsm2s,e0_t0,VE_testbench/langgraph/.build_sample_e0_t0/samples/Prob111_fsm2s/sample_01.json,fail_ts,ok,13,11-15,22,6,1,0,0,0,"{""$aldff"": 1, ""$buf"": 1, ""$eq"": 3, ""$logic_not"": 3, ""$mux"": 4, ""$pmux"": 1}",ok,8,6-10,17,5,1,0,0,0,"{""$buf"": 2, ""$dff"": 1, ""$mux"": 3, ""$not"": 1, ""$pmux"": 1}",,,no,functional_status=fail_ts
verilogeval,Prob112_always_case2,e0_t0,VE_testbench/langgraph/.build_sample_e0_t0/samples/Prob112_always_case2/sample_01.json,pass,ok,11,11-15,26,2,0,0,0,0,"{""$buf"": 1, ""$mux"": 10}",ok,3,0-5,4,3,0,0,1,32,"{""$buf"": 1, ""$meminit"": 1, ""$memrd_v2"": 1}",3.6667,,yes,
verilogeval,Prob113_2012_q1g,e0_t0,VE_testbench/langgraph/.build_sample_e0_t0/samples/Prob113_2012_q1g/sample_01.json,fail_ts,ok,9,6-10,6,4,0,0,0,0,"{""$buf"": 1, ""$eq"": 6, ""$mux"": 1, ""$reduce_or"": 1}",ok,3,0-5,4,3,0,0,1,16,"{""$buf"": 1, ""$meminit"": 1, ""$memrd_v2"": 1}",,,no,functional_status=fail_ts
verilogeval,Prob114_bugs_case,e0_t0,VE_testbench/langgraph/.build_sample_e0_t0/samples/Prob114_bugs_case/sample_01.json,pass,ok,22,16+,26,3,0,0,0,0,"{""$buf"": 1, ""$eq"": 19, ""$pmux"": 2}",ok,22,16+,26,3,0,0,0,0,"{""$buf"": 1, ""$eq"": 19, ""$pmux"": 2}",1.0,,yes,
verilogeval,Prob115_shift18,e0_t0,VE_testbench/langgraph/.build_sample_e0_t0/samples/Prob115_shift18/sample_01.json,fail_ts,ok,11,11-15,24,5,1,0,0,0,"{""$dff"": 1, ""$eq"": 3, ""$logic_not"": 1, ""$mux"": 5, ""$pmux"": 1}",ok,11,11-15,24,5,1,0,0,0,"{""$dff"": 1, ""$eq"": 3, ""$logic_not"": 1, ""$mux"": 5, ""$pmux"": 1}",,,no,functional_status=fail_ts
verilogeval,Prob116_m2014_q3,e0_t0,VE_testbench/langgraph/.build_sample_e0_t0/samples/Prob116_m2014_q3/sample_01.json,fail_ts,ok,7,6-10,8,4,0,0,0,0,"{""$and"": 4, ""$buf"": 1, ""$not"": 1, ""$or"": 1}",ok,3,0-5,4,3,0,0,1,16,"{""$buf"": 1, ""$meminit"": 1, ""$memrd_v2"": 1}",,,no,functional_status=fail_ts
verilogeval,Prob117_circuit9,e0_t0,VE_testbench/langgraph/.build_sample_e0_t0/samples/Prob117_circuit9/sample_01.json,fail_ts,ok,3,0-5,8,3,1,0,0,0,"{""$add"": 1, ""$dff"": 1, ""$mux"": 1}",ok,6,6-10,13,4,1,0,0,0,"{""$add"": 1, ""$dff"": 1, ""$eq"": 1, ""$mux"": 3}",,,no,functional_status=fail_ts
verilogeval,Prob118_history_shift,e0_t0,VE_testbench/langgraph/.build_sample_e0_t0/samples/Prob118_history_shift/sample_01.json,pass,ok,6,6-10,18,4,1,0,0,0,"{""$aldff"": 1, ""$buf"": 1, ""$logic_not"": 1, ""$mux"": 3}",ok,5,0-5,17,3,1,0,0,0,"{""$aldff"": 1, ""$logic_not"": 1, ""$mux"": 3}",1.2,1.0,yes,
verilogeval,Prob119_fsm3,e0_t0,VE_testbench/langgraph/.build_sample_e0_t0/samples/Prob119_fsm3/sample_01.json,pass,ok,18,16+,22,7,1,0,0,0,"{""$aldff"": 1, ""$buf"": 1, ""$eq"": 4, ""$logic_not"": 2, ""$mux"": 5, ""$not"": 4, ""$pmux"": 1}",ok,14,11-15,18,6,1,0,0,0,"{""$aldff"": 1, ""$buf"": 2, ""$eq"": 4, ""$logic_not"": 2, ""$mux"": 4, ""$pmux"": 1}",1.2857,1.0,yes,
verilogeval,Prob120_fsm3s,e0_t0,VE_testbench/langgraph/.build_sample_e0_t0/samples/Prob120_fsm3s/sample_01.json,fail_ts,ok,20,16+,26,7,1,0,0,0,"{""$aldff"": 1, ""$buf"": 1, ""$eq"": 6, ""$logic_not"": 3, ""$mux"": 3, ""$not"": 4, ""$pmux"": 2}",ok,14,11-15,20,6,1,0,0,0,"{""$buf"": 2, ""$dff"": 1, ""$eq"": 4, ""$logic_not"": 1, ""$mux"": 5, ""$pmux"": 1}",,,no,functional_status=fail_ts
verilogeval,Prob121_2014_q3bfsm,e0_t0,VE_testbench/langgraph/.build_sample_e0_t0/samples/Prob121_2014_q3bfsm/sample_01.json,fail_ts,ok,9,6-10,12,7,1,0,0,0,"{""$aldff"": 1, ""$buf"": 1, ""$eq"": 2, ""$logic_not"": 1, ""$logic_or"": 1, ""$mux"": 1, ""$not"": 2}",ok,18,16+,24,7,1,0,0,0,"{""$buf"": 2, ""$dff"": 1, ""$eq"": 6, ""$logic_not"": 1, ""$logic_or"": 1, ""$mux"": 6, ""$pmux"": 1}",,,no,functional_status=fail_ts
verilogeval,Prob122_kmap4,e0_t0,VE_testbench/langgraph/.build_sample_e0_t0/samples/Prob122_kmap4/sample_01.json,fail_ts,ok,3,0-5,7,3,0,0,1,16,"{""$buf"": 1, ""$meminit"": 1, ""$memrd_v2"": 1}",ok,3,0-5,7,3,0,0,1,16,"{""$buf"": 1, ""$meminit"": 1, ""$memrd_v2"": 1}",,,no,functional_status=fail_ts
verilogeval,Prob123_bugs_addsubz,e0_t0,VE_testbench/langgraph/.build_sample_e0_t0/samples/Prob123_bugs_addsubz/sample_01.json,pass,ok,7,6-10,15,7,0,0,0,0,"{""$add"": 1, ""$buf"": 1, ""$logic_not"": 1, ""$mux"": 1, ""$not"": 1, ""$pmux"": 1, ""$sub"": 1}",ok,6,6-10,12,6,0,0,0,0,"{""$add"": 1, ""$buf"": 1, ""$logic_not"": 1, ""$not"": 1, ""$pmux"": 1, ""$sub"": 1}",1.1667,,yes,
verilogeval,Prob124_rule110,e0_t0,VE_testbench/langgraph/.build_sample_e0_t0/samples/Prob124_rule110/sample_01.json,fail_ts,ok,1538,16+,2055,4,1,0,512,4096,"{""$dff"": 1, ""$meminit"": 512, ""$memrd_v2"": 512, ""$mux"": 513}",ok,16,16+,21,5,1,0,0,0,"{""$and"": 6, ""$dff"": 1, ""$mux"": 1, ""$not"": 6, ""$or"": 2}",,,no,functional_status=fail_ts
verilogeval,Prob125_kmap3,e0_t0,VE_testbench/langgraph/.build_sample_e0_t0/samples/Prob125_kmap3/sample_01.json,fail_ts,ok,7,6-10,9,5,0,0,0,0,"{""$buf"": 1, ""$eq"": 3, ""$logic_not"": 1, ""$mux"": 1, ""$reduce_or"": 1}",ok,3,0-5,7,3,0,0,1,16,"{""$buf"": 1, ""$meminit"": 1, ""$memrd_v2"": 1}",,,no,functional_status=fail_ts
verilogeval,Prob126_circuit6,e0_t0,VE_testbench/langgraph/.build_sample_e0_t0/samples/Prob126_circuit6/sample_01.json,pass,ok,3,0-5,4,3,0,0,1,128,"{""$buf"": 1, ""$meminit"": 1, ""$memrd_v2"": 1}",ok,3,0-5,4,3,0,0,1,128,"{""$buf"": 1, ""$meminit"": 1, ""$memrd_v2"": 1}",1.0,,yes,
verilogeval,Prob127_lemmings1,e0_t0,VE_testbench/langgraph/.build_sample_e0_t0/samples/Prob127_lemmings1/sample_01.json,fail_ts,ok,18,16+,27,7,1,0,0,0,"{""$aldff"": 1, ""$buf"": 3, ""$eq"": 3, ""$logic_not"": 4, ""$logic_or"": 2, ""$mux"": 4, ""$pmux"": 1}",ok,10,6-10,17,6,1,0,0,0,"{""$aldff"": 1, ""$buf"": 3, ""$logic_not"": 1, ""$mux"": 2, ""$not"": 2, ""$pmux"": 1}",,,no,functional_status=fail_ts
verilogeval,Prob128_fsm_ps2,e0_t0,VE_testbench/langgraph/.build_sample_e0_t0/samples/Prob128_fsm_ps2/sample_01.json,fail_ts,ok,16,16+,25,5,2,0,0,0,"{""$aldff"": 2, ""$eq"": 3, ""$logic_not"": 5, ""$mux"": 4, ""$pmux"": 2}",ok,13,11-15,19,6,1,0,0,0,"{""$buf"": 3, ""$dff"": 1, ""$eq"": 4, ""$logic_not"": 1, ""$mux"": 3, ""$pmux"": 1}",,,no,functional_status=fail_ts
verilogeval,Prob129_ece241_2013_q8,e0_t0,VE_testbench/langgraph/.build_sample_e0_t0/samples/Prob129_ece241_2013_q8/sample_01.json,fail_ts,ok,21,16+,37,7,1,0,0,0,"{""$aldff"": 1, ""$buf"": 1, ""$eq"": 6, ""$logic_not"": 3, ""$mux"": 8, ""$not"": 1, ""$pmux"": 1}",ok,15,11-15,21,6,1,0,0,0,"{""$aldff"": 1, ""$buf"": 2, ""$eq"": 4, ""$logic_not"": 3, ""$mux"": 3, ""$pmux"": 2}",,,no,functional_status=fail_ts
verilogeval,Prob130_circuit5,e0_t0,VE_testbench/langgraph/.build_sample_e0_t0/samples/Prob130_circuit5/sample_01.json,pass,ok,6,6-10,12,4,0,0,0,0,"{""$buf"": 1, ""$eq"": 3, ""$logic_not"": 1, ""$pmux"": 1}",ok,6,6-10,12,4,0,0,0,0,"{""$buf"": 1, ""$eq"": 3, ""$logic_not"": 1, ""$pmux"": 1}",1.0,,yes,
verilogeval,Prob131_mt2015_q4,e0_t0,VE_testbench/langgraph/.build_sample_e0_t0/samples/Prob131_mt2015_q4/sample_01.json,pass,ok,3,0-5,5,3,0,0,0,0,"{""$and"": 1, ""$buf"": 1, ""$xor"": 1}",ok,3,0-5,5,3,0,0,0,0,"{""$buf"": 1, ""$not"": 1, ""$or"": 1}",1.0,,yes,
verilogeval,Prob132_always_if2,e0_t0,VE_testbench/langgraph/.build_sample_e0_t0/samples/Prob132_always_if2/sample_01.json,pass,ok,5,0-5,13,3,0,0,0,0,"{""$buf"": 1, ""$mux"": 2, ""$not"": 2}",ok,6,6-10,13,4,0,0,0,0,"{""$buf"": 2, ""$logic_not"": 1, ""$mux"": 2, ""$not"": 1}",0.8333,,yes,
verilogeval,Prob133_2014_q3fsm,e0_t0,VE_testbench/langgraph/.build_sample_e0_t0/samples/Prob133_2014_q3fsm/sample_01.json,fail_ts,ok,23,16+,38,6,3,0,0,0,"{""$add"": 1, ""$aldff"": 3, ""$eq"": 6, ""$logic_not"": 3, ""$mux"": 9, ""$pmux"": 1}",ok,21,16+,28,6,1,0,0,0,"{""$buf"": 2, ""$dff"": 1, ""$eq"": 8, ""$logic_not"": 1, ""$mux"": 8, ""$pmux"": 1}",,,no,functional_status=fail_ts
verilogeval,Prob134_2014_q3c,e0_t0,VE_testbench/langgraph/.build_sample_e0_t0/samples/Prob134_2014_q3c/sample_01.json,fail_ts,ok,8,6-10,13,6,1,0,0,0,"{""$buf"": 2, ""$dff"": 1, ""$eq"": 2, ""$logic_or"": 1, ""$mux"": 1, ""$not"": 1}",ok,9,6-10,14,6,0,0,1,16,"{""$buf"": 1, ""$eq"": 4, ""$logic_not"": 1, ""$meminit"": 1, ""$memrd_v2"": 1, ""$pmux"": 1}",,,no,functional_status=fail_ts
verilogeval,Prob135_m2014_q6b,e0_t0,VE_testbench/langgraph/.build_sample_e0_t0/samples/Prob135_m2014_q6b/sample_01.json,fail_ts,ok,22,16+,27,4,0,1,0,0,"{""$dlatch"": 1, ""$eq"": 15, ""$logic_not"": 3, ""$pmux"": 3}",ok,3,0-5,5,3,0,0,1,16,"{""$buf"": 1, ""$meminit"": 1, ""$memrd_v2"": 1}",,,no,functional_status=fail_ts
verilogeval,Prob136_m2014_q6,e0_t0,VE_testbench/langgraph/.build_sample_e0_t0/samples/Prob136_m2014_q6/sample_01.json,fail_ts,ok,24,16+,38,7,1,0,0,0,"{""$aldff"": 1, ""$buf"": 2, ""$eq"": 8, ""$logic_not"": 3, ""$logic_or"": 1, ""$mux"": 8, ""$pmux"": 1}",ok,20,16+,26,7,1,0,0,0,"{""$buf"": 2, ""$dff"": 1, ""$eq"": 7, ""$logic_not"": 1, ""$logic_or"": 1, ""$mux"": 7, ""$pmux"": 1}",,,no,functional_status=fail_ts
verilogeval,Prob137_fsm_serial,e0_t0,VE_testbench/langgraph/.build_sample_e0_t0/samples/Prob137_fsm_serial/sample_01.json,fail_ts,ok,45,16+,69,8,4,0,0,0,"{""$add"": 1, ""$aldff"": 4, ""$eq"": 12, ""$logic_not"": 6, ""$lt"": 1, ""$mux"": 18, ""$not"": 1, ""$pmux"": 2}",ok,22,16+,28,6,1,0,0,0,"{""$buf"": 2, ""$dff"": 1, ""$eq"": 12, ""$logic_not"": 1, ""$mux"": 5, ""$pmux"": 1}",,,no,functional_status=fail_ts
verilogeval,Prob138_2012_q2fsm,e0_t0,VE_testbench/langgraph/.build_sample_e0_t0/samples/Prob138_2012_q2fsm/sample_01.json,fail_ts,ok,19,16+,29,7,1,0,0,0,"{""$aldff"": 1, ""$buf"": 2, ""$eq"": 4, ""$logic_not"": 3, ""$logic_or"": 1, ""$mux"": 7, ""$pmux"": 1}",ok,20,16+,26,7,1,0,0,0,"{""$buf"": 2, ""$dff"": 1, ""$eq"": 7, ""$logic_not"": 1, ""$logic_or"": 1, ""$mux"": 7, ""$pmux"": 1}",,,no,functional_status=fail_ts
verilogeval,Prob139_2013_q2bfsm,e0_t0,VE_testbench/langgraph/.build_sample_e0_t0/samples/Prob139_2013_q2bfsm/sample_01.json,fail_ts,ok,30,16+,58,9,4,0,0,0,"{""$add"": 2, ""$aldff"": 4, ""$eq"": 3, ""$ge"": 1, ""$logic_and"": 2, ""$logic_not"": 1, ""$mux"": 12, ""$not"": 4, ""$pmux"": 1}",ok,27,16+,34,8,1,0,0,0,"{""$buf"": 3, ""$dff"": 1, ""$eq"": 12, ""$logic_not"": 1, ""$logic_or"": 2, ""$mux"": 6, ""$not"": 1, ""$pmux"": 1}",,,no,functional_status=fail_ts
verilogeval,Prob140_fsm_hdlc,e0_t0,VE_testbench/langgraph/.build_sample_e0_t0/samples/Prob140_fsm_hdlc/sample_01.json,fail_ts,ok,49,16+,80,8,1,0,0,0,"{""$aldff"": 1, ""$buf"": 2, ""$eq"": 20, ""$logic_and"": 1, ""$logic_not"": 3, ""$mux"": 17, ""$not"": 2, ""$pmux"": 3}",ok,30,16+,36,6,1,0,0,0,"{""$buf"": 4, ""$dff"": 1, ""$eq"": 12, ""$logic_not"": 1, ""$mux"": 11, ""$pmux"": 1}",,,no,functional_status=fail_ts
verilogeval,Prob141_count_clock,e0_t0,VE_testbench/langgraph/.build_sample_e0_t0/samples/Prob141_count_clock/sample_01.json,fail_ts,ok,44,16+,89,7,4,0,0,0,"{""$add"": 3, ""$aldff"": 4, ""$buf"": 3, ""$eq"": 3, ""$logic_not"": 1, ""$mux"": 29, ""$not"": 1}",ok,90,16+,174,7,4,0,0,0,"{""$add"": 6, ""$buf"": 1, ""$dff"": 4, ""$eq"": 12, ""$logic_and"": 6, ""$mux"": 60, ""$not"": 1}",,,no,functional_status=fail_ts
verilogeval,Prob142_lemmings2,e0_t0,VE_testbench/langgraph/.build_sample_e0_t0/samples/Prob142_lemmings2/sample_01.json,fail_ts,ok,37,16+,56,6,4,0,0,0,"{""$aldff"": 4, ""$eq"": 12, ""$logic_not"": 5, ""$mux"": 10, ""$not"": 2, ""$pmux"": 4}",ok,22,16+,28,7,1,0,0,0,"{""$aldff"": 1, ""$buf"": 4, ""$eq"": 6, ""$logic_not"": 3, ""$logic_or"": 1, ""$mux"": 6, ""$pmux"": 1}",,,no,functional_status=fail_ts
verilogeval,Prob143_fsm_onehot,e0_t0,VE_testbench/langgraph/.build_sample_e0_t0/samples/Prob143_fsm_onehot/sample_01.json,fail_ts,ok,35,16+,40,6,0,0,0,0,"{""$buf"": 1, ""$eq"": 13, ""$logic_or"": 2, ""$mux"": 9, ""$not"": 9, ""$pmux"": 1}",ok,34,16+,27,5,0,0,0,0,"{""$buf"": 12, ""$logic_and"": 10, ""$logic_not"": 3, ""$or"": 8, ""$reduce_or"": 1}",,,no,functional_status=fail_ts
verilogeval,Prob144_conwaylife,e0_t0,VE_testbench/langgraph/.build_sample_e0_t0/samples/Prob144_conwaylife/sample_01.json,fail_ts,ok,2563,16+,4616,7,3,0,0,0,"{""$add"": 510, ""$buf"": 1, ""$dff"": 3, ""$eq"": 512, ""$logic_and"": 256, ""$logic_or"": 256, ""$mux"": 1025}",ok,2307,16+,2568,6,1,0,0,0,"{""$add"": 1792, ""$buf"": 1, ""$dff"": 1, ""$eq"": 256, ""$mux"": 1, ""$or"": 256}",,,no,functional_status=fail_ts
verilogeval,Prob145_circuit8,e0_t0,VE_testbench/langgraph/.build_sample_e0_t0/samples/Prob145_circuit8/sample_01.json,fail_ts,ok,6,6-10,12,3,2,0,0,0,"{""$dff"": 2, ""$mux"": 2, ""$not"": 2}",ok,5,0-5,13,3,1,1,0,0,"{""$dff"": 1, ""$dlatch"": 1, ""$mux"": 3}",,,no,functional_status=fail_ts
verilogeval,Prob146_fsm_serialdata,e0_t0,VE_testbench/langgraph/.build_sample_e0_t0/samples/Prob146_fsm_serialdata/sample_01.json,fail_ts,ok,69,16+,99,11,5,0,0,0,"{""$add"": 2, ""$aldff"": 5, ""$bwmux"": 1, ""$demux"": 2, ""$eq"": 19, ""$ge"": 1, ""$logic_and"": 1, ""$logic_not"": 7, ""$lt"": 2, ""$mux"": 26, ""$pmux"": 3}",ok,25,16+,31,6,2,0,0,0,"{""$buf"": 3, ""$dff"": 2, ""$eq"": 12, ""$logic_not"": 1, ""$mux"": 6, ""$pmux"": 1}",,,no,functional_status=fail_ts
verilogeval,Prob147_circuit10,e0_t0,VE_testbench/langgraph/.build_sample_e0_t0/samples/Prob147_circuit10/sample_01.json,fail_ts,ok,6,6-10,12,4,2,0,0,0,"{""$dff"": 2, ""$logic_and"": 1, ""$mux"": 1, ""$not"": 2}",ok,10,6-10,13,5,1,0,0,0,"{""$and"": 3, ""$buf"": 2, ""$dff"": 1, ""$or"": 2, ""$xor"": 2}",,,no,functional_status=fail_ts
verilogeval,Prob148_2013_q2afsm,e0_t0,VE_testbench/langgraph/.build_sample_e0_t0/samples/Prob148_2013_q2afsm/sample_01.json,fail_ts,ok,62,16+,93,6,1,0,0,0,"{""$aldff"": 1, ""$buf"": 1, ""$eq"": 16, ""$logic_not"": 13, ""$mux"": 27, ""$pmux"": 4}",ok,30,16+,43,7,1,0,0,0,"{""$buf"": 4, ""$dff"": 1, ""$eq"": 6, ""$logic_not"": 4, ""$mux"": 13, ""$not"": 1, ""$pmux"": 1}",,,no,functional_status=fail_ts
verilogeval,Prob149_ece241_2013_q4,e0_t0,VE_testbench/langgraph/.build_sample_e0_t0/samples/Prob149_ece241_2013_q4/sample_01.json,fail_ts,ok,28,16+,36,5,5,0,0,0,"{""$aldff"": 5, ""$buf"": 2, ""$eq"": 12, ""$logic_not"": 5, ""$pmux"": 4}",ok,29,16+,39,6,1,0,0,0,"{""$buf"": 3, ""$dff"": 1, ""$eq"": 10, ""$logic_not"": 2, ""$mux"": 11, ""$pmux"": 2}",,,no,functional_status=fail_ts
verilogeval,Prob150_review2015_fsmonehot,e0_t0,VE_testbench/langgraph/.build_sample_e0_t0/samples/Prob150_review2015_fsmonehot/sample_01.json,fail_ts,ok,19,16+,23,5,0,0,0,0,"{""$buf"": 8, ""$eq"": 7, ""$ge"": 1, ""$logic_and"": 2, ""$lt"": 1}",ok,27,16+,31,5,0,0,0,0,"{""$and"": 8, ""$buf"": 8, ""$not"": 5, ""$or"": 5, ""$reduce_or"": 1}",,,no,functional_status=fail_ts
verilogeval,Prob151_review2015_fsm,e0_t0,VE_testbench/langgraph/.build_sample_e0_t0/samples/Prob151_review2015_fsm/sample_01.json,fail_ts,ok,38,16+,62,6,4,0,0,0,"{""$aldff"": 4, ""$eq"": 15, ""$logic_not"": 6, ""$mux"": 7, ""$not"": 2, ""$pmux"": 4}",ok,38,16+,60,9,1,0,0,0,"{""$buf"": 2, ""$dff"": 1, ""$eq"": 15, ""$eqx"": 1, ""$logic_not"": 1, ""$logic_or"": 3, ""$mux"": 13, ""$pmux"": 1, ""$reduce_or"": 1}",,,no,functional_status=fail_ts
verilogeval,Prob152_lemmings3,e0_t0,VE_testbench/langgraph/.build_sample_e0_t0/samples/Prob152_lemmings3/sample_01.json,fail_ts,ok,22,16+,35,7,5,0,0,0,"{""$aldff"": 5, ""$buf"": 4, ""$logic_and"": 4, ""$logic_not"": 4, ""$logic_or"": 1, ""$mux"": 3, ""$not"": 1}",ok,52,16+,77,7,1,0,0,0,"{""$aldff"": 1, ""$buf"": 5, ""$eq"": 13, ""$logic_not"": 8, ""$logic_or"": 2, ""$mux"": 22, ""$pmux"": 1}",,,no,functional_status=fail_ts
verilogeval,Prob153_gshare,e0_t0,VE_testbench/langgraph/.build_sample_e0_t0/samples/Prob153_gshare/sample_01.json,fail_ts,ok,157,16+,51,13,131,0,0,0,"{""$add"": 1, ""$aldff"": 3, ""$bmux"": 2, ""$bwmux"": 1, ""$demux"": 2, ""$dffe"": 128, ""$eq"": 1, ""$ge"": 1, ""$logic_and"": 1, ""$logic_not"": 1, ""$lt"": 3, ""$mux"": 10, ""$xor"": 3}",ok,184,16+,82,14,129,0,0,0,"{""$add"": 1, ""$aldff"": 129, ""$bmux"": 5, ""$buf"": 4, ""$bwmux"": 2, ""$demux"": 4, ""$ge"": 2, ""$gt"": 1, ""$logic_and"": 4, ""$logic_not"": 2, ""$lt"": 8, ""$mux"": 19, ""$sub"": 1, ""$xor"": 2}",,,no,functional_status=fail_ts
verilogeval,Prob154_fsm_ps2data,e0_t0,VE_testbench/langgraph/.build_sample_e0_t0/samples/Prob154_fsm_ps2data/sample_01.json,fail_ts,ok,57,16+,87,7,5,0,0,0,"{""$add"": 1, ""$aldff"": 5, ""$eq"": 16, ""$logic_not"": 7, ""$lt"": 1, ""$mux"": 24, ""$pmux"": 3}",ok,16,16+,22,6,2,0,0,0,"{""$buf"": 4, ""$dff"": 2, ""$eq"": 4, ""$logic_not"": 1, ""$mux"": 4, ""$pmux"": 1}",,,no,functional_status=fail_ts
verilogeval,Prob155_lemmings4,e0_t0,VE_testbench/langgraph/.build_sample_e0_t0/samples/Prob155_lemmings4/sample_01.json,fail_ts,ok,28,16+,54,6,6,0,0,0,"{""$add"": 1, ""$aldff"": 6, ""$logic_and"": 4, ""$logic_not"": 3, ""$mux"": 13, ""$not"": 1}",ok,66,16+,96,11,2,0,0,0,"{""$add"": 1, ""$aldff"": 1, ""$buf"": 5, ""$dff"": 1, ""$eq"": 16, ""$ge"": 2, ""$logic_not"": 8, ""$logic_or"": 3, ""$lt"": 1, ""$mux"": 27, ""$pmux"": 1}",,,no,functional_status=fail_ts
verilogeval,Prob156_review2015_fancytimer,e0_t0,VE_testbench/langgraph/.build_sample_e0_t0/samples/Prob156_review2015_fancytimer/sample_01.json,fail_ts,ok,65,16+,99,10,7,0,0,0,"{""$add"": 1, ""$aldff"": 7, ""$eq"": 21, ""$gt"": 1, ""$logic_and"": 1, ""$logic_not"": 3, ""$lt"": 1, ""$mux"": 27, ""$pmux"": 2, ""$sub"": 1}",ok,58,16+,89,12,3,0,0,0,"{""$add"": 1, ""$buf"": 4, ""$dff"": 3, ""$eq"": 18, ""$eqx"": 1, ""$logic_and"": 2, ""$logic_not"": 3, ""$logic_or"": 3, ""$mux"": 20, ""$pmux"": 1, ""$reduce_or"": 1, ""$sub"": 1}",,,no,functional_status=fail_ts
rtllm_v2,JC_counter,txt,RTLLM_v2/modules/JC_counter/reports/report_langgraph.txt.json,fail_ts,ok,4,0-5,9,4,1,0,0,0,"{""$aldff"": 1, ""$logic_not"": 1, ""$mux"": 1, ""$not"": 1}",ok,4,0-5,9,3,1,0,0,0,"{""$aldff"": 1, ""$logic_not"": 2, ""$mux"": 1}",,,no,functional_status=fail_ts
rtllm_v2,LFSR,txt,RTLLM_v2/modules/LFSR/reports/report_langgraph.txt.json,pass,ok,4,0-5,6,4,1,0,0,0,"{""$aldff"": 1, ""$logic_not"": 1, ""$not"": 1, ""$xor"": 1}",ok,5,0-5,7,5,1,0,0,0,"{""$aldff"": 1, ""$buf"": 1, ""$logic_not"": 1, ""$not"": 1, ""$xor"": 1}",0.8,1.0,yes,
rtllm_v2,LIFObuffer,txt,RTLLM_v2/modules/LIFObuffer/reports/report_langgraph.txt.json,pass,ok,33,16+,58,10,2,0,1,16,"{""$add"": 2, ""$aldff"": 2, ""$buf"": 2, ""$eq"": 2, ""$logic_and"": 3, ""$logic_not"": 4, ""$memrd_v2"": 1, ""$memwr_v2"": 1, ""$mux"": 15, ""$sub"": 1}",ok,122,16+,232,13,9,0,0,0,"{""$add"": 1, ""$and"": 1, ""$bmux"": 1, ""$bwmux"": 1, ""$demux"": 2, ""$dff"": 9, ""$ge"": 3, ""$logic_and"": 4, ""$lt"": 2, ""$mux"": 85, ""$not"": 9, ""$reduce_bool"": 3, ""$sub"": 1}",0.2705,0.2222,yes,
rtllm_v2,RAM,txt,RTLLM_v2/modules/RAM/reports/report_langgraph.txt.json,pass,ok,25,16+,30,11,9,0,0,0,"{""$aldff"": 9, ""$bmux"": 1, ""$buf"": 1, ""$bwmux"": 1, ""$demux"": 1, ""$ge"": 2, ""$logic_and"": 1, ""$logic_not"": 1, ""$lt"": 1, ""$mux"": 5, ""$not"": 2}",ok,28,16+,30,11,13,0,0,0,"{""$aldff"": 9, ""$bmux"": 1, ""$buf"": 1, ""$bwmux"": 1, ""$demux"": 2, ""$dffe"": 4, ""$ge"": 1, ""$logic_and"": 1, ""$logic_not"": 2, ""$lt"": 2, ""$mux"": 4}",0.8929,0.6923,yes,
rtllm_v2,ROM,txt,RTLLM_v2/modules/ROM/reports/report_langgraph.txt.json,pass,ok,6,6-10,3,3,0,0,1,4096,"{""$buf"": 1, ""$meminit_v2"": 4, ""$memrd_v2"": 1}",ok,6,6-10,3,3,0,0,1,4096,"{""$buf"": 1, ""$meminit_v2"": 4, ""$memrd_v2"": 1}",1.0,,yes,
rtllm_v2,accu,txt,RTLLM_v2/modules/accu/reports/report_langgraph.txt.json,fail_ts,ok,13,11-15,28,6,4,0,0,0,"{""$add"": 2, ""$aldff"": 3, ""$dffe"": 1, ""$eq"": 1, ""$logic_not"": 1, ""$mux"": 5}",ok,32,16+,57,8,4,0,0,0,"{""$add"": 3, ""$aldff"": 4, ""$buf"": 3, ""$eq"": 1, ""$logic_and"": 3, ""$logic_not"": 7, ""$mux"": 10, ""$or"": 1}",,,no,functional_status=fail_ts
rtllm_v2,adder_16bit,txt,RTLLM_v2/modules/adder_16bit/reports/report_langgraph.txt.json,pass,ok,334,16+,330,4,0,0,0,0,"{""$and"": 128, ""$buf"": 86, ""$not"": 72, ""$or"": 48}",ok,678,16+,666,4,0,0,0,0,"{""$and"": 256, ""$buf"": 182, ""$not"": 144, ""$or"": 96}",0.4926,,yes,
rtllm_v2,adder_32bit,txt,RTLLM_v2/modules/adder_32bit/reports/report_langgraph.txt.json,pass,ok,557,16+,545,4,0,0,0,0,"{""$and"": 183, ""$buf"": 233, ""$or"": 16, ""$xor"": 125}",ok,1130,16+,1102,5,0,0,0,0,"{""$and"": 366, ""$buf"": 480, ""$logic_and"": 1, ""$or"": 32, ""$xor"": 251}",0.4929,,yes,
rtllm_v2,adder_8bit,txt,RTLLM_v2/modules/adder_8bit/reports/report_langgraph.txt.json,pass,ok,25,16+,22,2,0,0,0,0,"{""$add"": 16, ""$buf"": 9}",ok,65,16+,62,2,0,0,0,0,"{""$add"": 16, ""$buf"": 49}",0.3846,,yes,
rtllm_v2,adder_bcd,txt,RTLLM_v2/modules/adder_bcd/reports/report_langgraph.txt.json,pass,ok,7,6-10,16,5,0,0,0,0,"{""$add"": 2, ""$buf"": 1, ""$gt"": 1, ""$mux"": 2, ""$sub"": 1}",ok,12,11-15,15,4,0,0,0,0,"{""$add"": 3, ""$buf"": 5, ""$gt"": 2, ""$mux"": 2}",0.5833,,yes,
rtllm_v2,adder_pipe_64bit,txt,RTLLM_v2/modules/adder_pipe_64bit/reports/report_langgraph.txt.json,pass,ok,158,16+,117,9,6,0,0,0,"{""$add"": 2, ""$aldff"": 6, ""$buf"": 67, ""$eq"": 3, ""$logic_and"": 1, ""$logic_not"": 7, ""$mux"": 7, ""$pmux"": 1, ""$reduce_or"": 64}",ok,61,16+,89,5,30,0,0,0,"{""$add"": 7, ""$aldff"": 30, ""$buf"": 9, ""$logic_not"": 7, ""$mux"": 8}",2.5902,0.2,yes,
rtllm_v2,alu,txt,RTLLM_v2/modules/alu/reports/report_langgraph.txt.json,fail_ts,ok,84,16+,99,14,0,0,0,0,"{""$add"": 2, ""$and"": 19, ""$buf"": 1, ""$eq"": 26, ""$logic_not"": 2, ""$lt"": 2, ""$mux"": 2, ""$ne"": 3, ""$not"": 11, ""$or"": 6, ""$pmux"": 5, ""$shl"": 2, ""$sub"": 2, ""$xor"": 1}",ok,53,16+,60,17,0,0,0,0,"{""$add"": 2, ""$and"": 1, ""$buf"": 6, ""$eq"": 19, ""$logic_not"": 2, ""$logic_or"": 1, ""$lt"": 4, ""$mux"": 4, ""$not"": 1, ""$or"": 2, ""$pmux"": 1, ""$shl"": 2, ""$shr"": 2, ""$sshr"": 2, ""$sub"": 2, ""$tribuf"": 1, ""$xor"": 1}",,,no,functional_status=fail_ts
rtllm_v2,asyn_fifo,txt,RTLLM_v2/modules/asyn_fifo/reports/report_langgraph.txt.json,fail_ts,error_other,,,,,,,,,{},ok,53,16+,76,13,9,0,1,128,"{""$add"": 2, ""$aldff"": 8, ""$and"": 2, ""$buf"": 16, ""$dff"": 1, ""$eq"": 2, ""$logic_and"": 2, ""$logic_not"": 10, ""$memrd_v2"": 1, ""$memwr_v2"": 1, ""$mux"": 5, ""$not"": 1, ""$xor"": 2}",,,no,functional_status=fail_ts; gen_synth_status=error_other
rtllm_v2,barrel_shifter,txt,RTLLM_v2/modules/barrel_shifter/reports/report_langgraph.txt.json,fail_ts,ok,7,6-10,9,2,0,0,0,0,"{""$buf"": 4, ""$mux"": 3}",ok,144,16+,125,2,0,0,0,0,"{""$buf"": 120, ""$mux"": 24}",,,no,functional_status=fail_ts
rtllm_v2,calendar,txt,RTLLM_v2/modules/calendar/reports/report_langgraph.txt.json,pass,ok,20,16+,38,5,3,0,0,0,"{""$add"": 3, ""$aldff"": 3, ""$eq"": 3, ""$logic_not"": 1, ""$mux"": 10}",ok,29,16+,43,6,3,0,0,0,"{""$add"": 3, ""$aldff"": 3, ""$eq"": 9, ""$logic_and"": 4, ""$logic_not"": 3, ""$mux"": 7}",0.6897,1.0,yes,
rtllm_v2,clkgenerator,txt,RTLLM_v2/modules/clkgenerator/reports/report_langgraph.txt.json,pass,error_other,,,,,,,,,{},error_other,,,,,,,,,{},,,no,gen_synth_status=error_other; ref_synth_status=error_other
rtllm_v2,comparator_3bit,txt,RTLLM_v2/modules/comparator_3bit/reports/report_langgraph.txt.json,pass,ok,6,6-10,8,4,0,0,0,0,"{""$buf"": 3, ""$eq"": 1, ""$gt"": 1, ""$lt"": 1}",ok,9,6-10,11,5,0,0,0,0,"{""$buf"": 3, ""$eq"": 1, ""$gt"": 1, ""$lt"": 1, ""$mux"": 3}",0.6667,,yes,
rtllm_v2,comparator_4bit,txt,RTLLM_v2/modules/comparator_4bit/reports/report_langgraph.txt.json,pass,ok,9,6-10,12,5,0,0,0,0,"{""$buf"": 4, ""$logic_and"": 1, ""$logic_not"": 2, ""$reduce_bool"": 1, ""$sub"": 1}",ok,9,6-10,12,6,0,0,0,0,"{""$buf"": 4, ""$eq"": 1, ""$logic_and"": 1, ""$not"": 1, ""$reduce_bool"": 1, ""$sub"": 1}",1.0,,yes,
rtllm_v2,counter_12,txt,RTLLM_v2/modules/counter_12/reports/report_langgraph.txt.json,pass,ok,8,6-10,17,6,1,0,0,0,"{""$add"": 1, ""$aldff"": 1, ""$buf"": 1, ""$eq"": 1, ""$logic_not"": 1, ""$mux"": 3}",ok,7,6-10,16,5,1,0,0,0,"{""$add"": 1, ""$aldff"": 1, ""$eq"": 1, ""$logic_not"": 1, ""$mux"": 3}",1.1429,1.0,yes,
rtllm_v2,div_16bit,txt,RTLLM_v2/modules/div_16bit/reports/report_langgraph.txt.json,pass,ok,6,6-10,13,5,0,0,0,0,"{""$buf"": 1, ""$div"": 1, ""$logic_not"": 1, ""$mod"": 1, ""$mux"": 2}",ok,68,16+,121,5,0,0,0,0,"{""$add"": 16, ""$buf"": 4, ""$ge"": 16, ""$mux"": 16, ""$sub"": 16}",0.0882,,yes,
rtllm_v2,edge_detect,txt,RTLLM_v2/modules/edge_detect/reports/report_langgraph.txt.json,pass,ok,13,11-15,28,5,3,0,0,0,"{""$aldff"": 3, ""$logic_and"": 2, ""$logic_not"": 1, ""$mux"": 5, ""$not"": 2}",ok,14,11-15,28,5,3,0,0,0,"{""$aldff"": 3, ""$and"": 2, ""$logic_not"": 2, ""$mux"": 5, ""$not"": 2}",0.9286,1.0,yes,
rtllm_v2,fixed_point_adder,txt,RTLLM_v2/modules/fixed_point_adder/reports/report_langgraph.txt.json,pass,ok,10,6-10,17,6,0,0,0,0,"{""$add"": 1, ""$buf"": 2, ""$eq"": 1, ""$ge"": 1, ""$mux"": 3, ""$sub"": 2}",ok,31,16+,57,9,0,0,0,0,"{""$add"": 1, ""$buf"": 2, ""$eq"": 1, ""$gt"": 2, ""$logic_and"": 1, ""$logic_not"": 2, ""$mux"": 17, ""$not"": 1, ""$sub"": 4}",0.3226,,yes,
rtllm_v2,fixed_point_substractor,txt,RTLLM_v2/modules/fixed_point_substractor/reports/report_langgraph.txt.json,pass,ok,2,0-5,4,2,0,0,0,0,"{""$buf"": 1, ""$sub"": 1}",ok,31,16+,57,9,0,0,0,0,"{""$add"": 4, ""$buf"": 2, ""$eq"": 1, ""$gt"": 2, ""$logic_and"": 1, ""$logic_not"": 2, ""$mux"": 17, ""$not"": 1, ""$sub"": 1}",0.0645,,yes,
rtllm_v2,float_multi,txt,RTLLM_v2/modules/float_multi/reports/report_langgraph.txt.json,fail_ts,ok,84,16+,113,15,14,0,0,0,"{""$add"": 3, ""$aldff"": 14, ""$buf"": 1, ""$eq"": 21, ""$ge"": 1, ""$logic_and"": 3, ""$logic_not"": 8, ""$logic_or"": 2, ""$mul"": 1, ""$mux"": 21, ""$pmux"": 4, ""$reduce_bool"": 2, ""$reduce_or"": 1, ""$sub"": 1, ""$xor"": 1}",error_other,,,,,,,,,{},,,no,functional_status=fail_ts; ref_synth_status=error_other
rtllm_v2,freq_div,txt,RTLLM_v2/modules/freq_div/reports/report_langgraph.txt.json,pass,ok,18,16+,28,7,5,0,0,0,"{""$add"": 2, ""$aldff"": 5, ""$buf"": 1, ""$eq"": 2, ""$logic_not"": 1, ""$mux"": 4, ""$not"": 3}",ok,19,16+,29,6,5,0,0,0,"{""$add"": 2, ""$aldff"": 5, ""$eq"": 2, ""$logic_not"": 3, ""$mux"": 4, ""$not"": 3}",0.9474,1.0,yes,
rtllm_v2,freq_divbyeven,txt,RTLLM_v2/modules/freq_divbyeven/reports/report_langgraph.txt.json,pass,ok,11,11-15,18,8,2,0,0,0,"{""$add"": 1, ""$aldff"": 2, ""$buf"": 2, ""$eq"": 1, ""$logic_not"": 1, ""$mux"": 2, ""$not"": 1, ""$sub"": 1}",ok,8,6-10,15,6,2,0,0,0,"{""$add"": 1, ""$aldff"": 2, ""$logic_not"": 1, ""$lt"": 1, ""$mux"": 2, ""$not"": 1}",1.375,1.0,yes,
rtllm_v2,freq_divbyfrac,txt,RTLLM_v2/modules/freq_divbyfrac/reports/report_langgraph.txt.json,pass,ok,18,16+,28,8,3,0,0,0,"{""$add"": 1, ""$aldff"": 3, ""$buf"": 1, ""$eq"": 4, ""$logic_not"": 3, ""$logic_or"": 2, ""$mux"": 3, ""$or"": 1}",ok,21,16+,38,7,3,0,0,0,"{""$add"": 1, ""$aldff"": 3, ""$buf"": 1, ""$eq"": 4, ""$logic_not"": 4, ""$mux"": 7, ""$or"": 1}",0.8571,1.0,yes,
rtllm_v2,freq_divbyodd,txt,RTLLM_v2/modules/freq_divbyodd/reports/report_langgraph.txt.json,fail_ts,ok,17,16+,28,8,4,0,0,0,"{""$add"": 2, ""$aldff"": 4, ""$buf"": 1, ""$eq"": 2, ""$logic_not"": 1, ""$mux"": 4, ""$not"": 2, ""$or"": 1}",ok,20,16+,34,7,4,0,0,0,"{""$add"": 2, ""$aldff"": 4, ""$buf"": 1, ""$logic_not"": 4, ""$lt"": 4, ""$mux"": 4, ""$or"": 1}",,,no,functional_status=fail_ts
rtllm_v2,fsm,txt,RTLLM_v2/modules/fsm/reports/report_langgraph.txt.json,fail_ts,ok,33,16+,55,7,1,0,0,0,"{""$aldff"": 1, ""$buf"": 1, ""$eq"": 11, ""$logic_not"": 3, ""$mux"": 13, ""$not"": 3, ""$pmux"": 1}",ok,62,16+,90,9,1,3,0,0,"{""$aldff"": 1, ""$buf"": 1, ""$dlatch"": 3, ""$eq"": 21, ""$logic_and"": 1, ""$logic_not"": 5, ""$mux"": 21, ""$not"": 6, ""$pmux"": 3}",,,no,functional_status=fail_ts
rtllm_v2,instr_reg,txt,RTLLM_v2/modules/instr_reg/reports/report_langgraph.txt.json,fail_ts,ok,12,11-15,19,5,2,0,0,0,"{""$aldff"": 2, ""$buf"": 3, ""$eq"": 3, ""$logic_not"": 1, ""$mux"": 3}",ok,14,11-15,28,5,2,0,0,0,"{""$aldff"": 2, ""$buf"": 4, ""$eq"": 2, ""$logic_not"": 1, ""$mux"": 5}",,,no,functional_status=fail_ts
rtllm_v2,multi_16bit,txt,RTLLM_v2/modules/multi_16bit/reports/report_langgraph.txt.json,pass,ok,37,16+,71,10,5,0,0,0,"{""$add"": 2, ""$aldff"": 5, ""$bmux"": 1, ""$buf"": 2, ""$eq"": 1, ""$logic_not"": 2, ""$lt"": 2, ""$mux"": 19, ""$shl"": 1, ""$sub"": 2}",ok,49,16+,91,12,5,0,0,0,"{""$add"": 2, ""$aldff"": 5, ""$bmux"": 1, ""$buf"": 2, ""$eq"": 2, ""$gt"": 1, ""$logic_and"": 2, ""$logic_not"": 5, ""$lt"": 3, ""$mux"": 23, ""$shl"": 1, ""$sub"": 2}",0.7551,1.0,yes,
rtllm_v2,multi_8bit,txt,RTLLM_v2/modules/multi_8bit/reports/report_langgraph.txt.json,pass,ok,17,16+,52,3,0,0,0,0,"{""$add"": 8, ""$buf"": 1, ""$mux"": 8}",ok,17,16+,53,3,0,0,0,0,"{""$add"": 8, ""$buf"": 1, ""$mux"": 8}",1.0,,yes,
rtllm_v2,multi_booth_8bit,txt,RTLLM_v2/modules/multi_booth_8bit/reports/report_langgraph.txt.json,pass,ok,22,16+,40,7,4,0,0,0,"{""$add"": 2, ""$aldff"": 4, ""$bmux"": 2, ""$buf"": 2, ""$logic_not"": 1, ""$lt"": 3, ""$mux"": 8}",ok,18,16+,35,7,4,0,0,0,"{""$add"": 2, ""$aldff"": 4, ""$bmux"": 1, ""$buf"": 1, ""$logic_not"": 1, ""$lt"": 2, ""$mux"": 7}",1.2222,1.0,yes,
rtllm_v2,multi_pipe_4bit,txt,RTLLM_v2/modules/multi_pipe_4bit/reports/report_langgraph.txt.json,fail_ts,ok,11,11-15,19,5,2,0,0,0,"{""$add"": 3, ""$aldff"": 2, ""$buf"": 1, ""$logic_not"": 1, ""$mux"": 4}",ok,18,16+,25,5,3,0,0,0,"{""$add"": 3, ""$aldff"": 3, ""$buf"": 6, ""$logic_not"": 2, ""$mux"": 4}",,,no,functional_status=fail_ts
rtllm_v2,multi_pipe_8bit,txt,RTLLM_v2/modules/multi_pipe_8bit/reports/report_langgraph.txt.json,pass,ok,13,11-15,27,5,6,0,0,0,"{""$aldff"": 6, ""$buf"": 1, ""$logic_not"": 1, ""$mul"": 1, ""$mux"": 4}",ok,41,16+,43,6,10,0,0,0,"{""$add"": 7, ""$aldff"": 9, ""$buf"": 8, ""$dffe"": 1, ""$logic_not"": 5, ""$mux"": 11}",0.3171,0.6,yes,
rtllm_v2,parallel2serial,txt,RTLLM_v2/modules/parallel2serial/reports/report_langgraph.txt.json,pass,ok,10,6-10,20,6,3,0,0,0,"{""$add"": 1, ""$aldff"": 3, ""$buf"": 1, ""$eq"": 1, ""$logic_not"": 1, ""$mux"": 3}",ok,11,11-15,21,6,3,0,0,0,"{""$add"": 1, ""$aldff"": 3, ""$buf"": 2, ""$eq"": 1, ""$logic_not"": 1, ""$mux"": 3}",0.9091,1.0,yes,
rtllm_v2,pe,txt,RTLLM_v2/modules/pe/reports/report_langgraph.txt.json,pass,ok,4,0-5,8,4,1,0,0,0,"{""$add"": 1, ""$aldff"": 1, ""$logic_not"": 1, ""$mul"": 1}",ok,5,0-5,9,5,1,0,0,0,"{""$add"": 1, ""$aldff"": 1, ""$buf"": 1, ""$logic_not"": 1, ""$mul"": 1}",0.8,1.0,yes,
rtllm_v2,pulse_detect,txt,RTLLM_v2/modules/pulse_detect/reports/report_langgraph.txt.json,fail_ts,ok,20,16+,34,6,2,0,0,0,"{""$aldff"": 2, ""$eq"": 6, ""$logic_not"": 3, ""$mux"": 7, ""$not"": 1, ""$pmux"": 1}",ok,30,16+,50,8,1,0,0,0,"{""$aldff"": 1, ""$buf"": 2, ""$eq"": 7, ""$logic_and"": 1, ""$logic_not"": 3, ""$mux"": 11, ""$not"": 4, ""$pmux"": 1}",,,no,functional_status=fail_ts
rtllm_v2,radix2_div,txt,RTLLM_v2/modules/radix2_div/reports/report_langgraph.txt.json,fail_ts,error_other,,,,,,,,,{},ok,91,16+,165,7,7,0,0,0,"{""$add"": 6, ""$and"": 7, ""$buf"": 9, ""$dff"": 7, ""$mux"": 55, ""$not"": 6, ""$xor"": 1}",,,no,functional_status=fail_ts; gen_synth_status=error_other
rtllm_v2,right_shifter,txt,RTLLM_v2/modules/right_shifter/reports/report_langgraph.txt.json,pass,ok,1,0-5,4,1,1,0,0,0,"{""$dff"": 1}",ok,1,0-5,4,1,1,0,0,0,"{""$dff"": 1}",1.0,1.0,yes,
rtllm_v2,ring_counter,txt,RTLLM_v2/modules/ring_counter/reports/report_langgraph.txt.json,pass,ok,3,0-5,5,3,1,0,0,0,"{""$aldff"": 1, ""$buf"": 1, ""$logic_not"": 1}",ok,3,0-5,5,3,1,0,0,0,"{""$aldff"": 1, ""$buf"": 1, ""$logic_not"": 1}",1.0,1.0,yes,
rtllm_v2,sequence_detector,txt,RTLLM_v2/modules/sequence_detector/reports/report_langgraph.txt.json,pass,ok,35,16+,51,8,1,0,0,0,"{""$aldff"": 1, ""$buf"": 5, ""$eq"": 10, ""$logic_and"": 3, ""$logic_not"": 3, ""$mux"": 8, ""$not"": 4, ""$pmux"": 1}",error_other,,,,,,,,,{},,,no,ref_synth_status=error_other
rtllm_v2,serial2parallel,txt,RTLLM_v2/modules/serial2parallel/reports/report_langgraph.txt.json,fail_ts,ok,21,16+,38,10,3,0,0,0,"{""$add"": 1, ""$aldff"": 3, ""$bwmux"": 1, ""$demux"": 2, ""$eq"": 2, ""$ge"": 1, ""$logic_and"": 1, ""$logic_not"": 1, ""$lt"": 1, ""$mux"": 8}",ok,17,16+,32,7,4,0,0,0,"{""$add"": 1, ""$aldff"": 4, ""$eq"": 2, ""$le"": 1, ""$logic_and"": 1, ""$logic_not"": 3, ""$mux"": 5}",,,no,functional_status=fail_ts
rtllm_v2,signal_generator,txt,RTLLM_v2/modules/signal_generator/reports/report_langgraph.txt.json,pass,ok,25,16+,38,7,2,0,0,0,"{""$add"": 1, ""$aldff"": 2, ""$eq"": 5, ""$logic_not"": 6, ""$mux"": 8, ""$pmux"": 2, ""$sub"": 1}",ok,25,16+,38,7,2,0,0,0,"{""$add"": 1, ""$aldff"": 2, ""$eq"": 5, ""$logic_not"": 6, ""$mux"": 8, ""$pmux"": 2, ""$sub"": 1}",1.0,1.0,yes,
rtllm_v2,square_wave,txt,RTLLM_v2/modules/square_wave/reports/report_langgraph.txt.json,pass,ok,8,6-10,14,6,2,0,0,0,"{""$add"": 1, ""$dff"": 2, ""$eq"": 1, ""$mux"": 2, ""$not"": 1, ""$sub"": 1}",ok,8,6-10,14,6,2,0,0,0,"{""$add"": 1, ""$dff"": 2, ""$eq"": 1, ""$mux"": 2, ""$not"": 1, ""$sub"": 1}",1.0,1.0,yes,
rtllm_v2,sub_64bit,txt,RTLLM_v2/modules/sub_64bit/reports/report_langgraph.txt.json,pass,ok,2,0-5,5,2,0,0,0,0,"{""$buf"": 1, ""$sub"": 1}",ok,6,6-10,11,5,0,0,0,0,"{""$buf"": 1, ""$logic_and"": 1, ""$mux"": 1, ""$ne"": 2, ""$sub"": 1}",0.3333,,yes,
rtllm_v2,synchronizer,txt,RTLLM_v2/modules/synchronizer/reports/report_langgraph.txt.json,pass,ok,11,11-15,25,3,5,0,0,0,"{""$aldff"": 5, ""$logic_not"": 4, ""$mux"": 2}",error_other,,,,,,,,,{},,,no,ref_synth_status=error_other
rtllm_v2,traffic_light,txt,RTLLM_v2/modules/traffic_light/reports/report_langgraph.txt.json,fail_ts,ok,41,16+,60,10,5,0,0,0,"{""$aldff"": 5, ""$buf"": 4, ""$eq"": 12, ""$gt"": 1, ""$logic_and"": 2, ""$logic_not"": 2, ""$mux"": 12, ""$pmux"": 1, ""$reduce_bool"": 1, ""$sub"": 1}",ok,64,16+,94,9,8,0,0,0,"{""$aldff"": 8, ""$buf"": 1, ""$eq"": 18, ""$gt"": 1, ""$logic_and"": 5, ""$logic_not"": 10, ""$mux"": 16, ""$pmux"": 4, ""$sub"": 1}",,,no,functional_status=fail_ts
rtllm_v2,up_down_counter,txt,RTLLM_v2/modules/up_down_counter/reports/report_langgraph.txt.json,pass,ok,6,6-10,14,4,1,0,0,0,"{""$add"": 1, ""$dff"": 1, ""$mux"": 3, ""$sub"": 1}",ok,11,11-15,22,6,1,0,0,0,"{""$add"": 1, ""$aldff"": 1, ""$eq"": 1, ""$logic_not"": 2, ""$mux"": 5, ""$sub"": 1}",0.5455,1.0,yes,
rtllm_v2,width_8to16,txt,RTLLM_v2/modules/width_8to16/reports/report_langgraph.txt.json,pass,ok,18,16+,40,4,4,0,0,0,"{""$aldff"": 4, ""$logic_and"": 2, ""$logic_not"": 2, ""$mux"": 10}",ok,17,16+,33,5,4,0,0,0,"{""$aldff"": 4, ""$logic_and"": 3, ""$logic_not"": 5, ""$mux"": 4, ""$not"": 1}",1.0588,1.0,yes,
verilogeval,Prob001_zero,e0_t8,VE_testbench/langgraph/.build_sample_e0_t8/samples/Prob001_zero/sample_01.json,pass,ok,1,0-5,1,1,0,0,0,0,"{""$buf"": 1}",ok,1,0-5,1,1,0,0,0,0,"{""$buf"": 1}",1.0,,yes,
verilogeval,Prob002_m2014_q4i,e0_t8,VE_testbench/langgraph/.build_sample_e0_t8/samples/Prob002_m2014_q4i/sample_01.json,pass,ok,1,0-5,1,1,0,0,0,0,"{""$buf"": 1}",ok,1,0-5,1,1,0,0,0,0,"{""$buf"": 1}",1.0,,yes,
verilogeval,Prob003_step_one,e0_t8,VE_testbench/langgraph/.build_sample_e0_t8/samples/Prob003_step_one/sample_01.json,pass,ok,1,0-5,1,1,0,0,0,0,"{""$buf"": 1}",ok,1,0-5,1,1,0,0,0,0,"{""$buf"": 1}",1.0,,yes,
verilogeval,Prob004_vector2,e0_t8,VE_testbench/langgraph/.build_sample_e0_t8/samples/Prob004_vector2/sample_01.json,pass,ok,1,0-5,2,1,0,0,0,0,"{""$buf"": 1}",ok,1,0-5,2,1,0,0,0,0,"{""$buf"": 1}",1.0,,yes,
verilogeval,Prob005_notgate,e0_t8,VE_testbench/langgraph/.build_sample_e0_t8/samples/Prob005_notgate/sample_01.json,pass,ok,2,0-5,3,2,0,0,0,0,"{""$buf"": 1, ""$not"": 1}",ok,2,0-5,3,2,0,0,0,0,"{""$buf"": 1, ""$not"": 1}",1.0,,yes,
verilogeval,Prob006_vectorr,e0_t8,VE_testbench/langgraph/.build_sample_e0_t8/samples/Prob006_vectorr/sample_01.json,pass,ok,1,0-5,2,1,0,0,0,0,"{""$buf"": 1}",ok,1,0-5,2,1,0,0,0,0,"{""$buf"": 1}",1.0,,yes,
verilogeval,Prob007_wire,e0_t8,VE_testbench/langgraph/.build_sample_e0_t8/samples/Prob007_wire/sample_01.json,pass,ok,1,0-5,2,1,0,0,0,0,"{""$buf"": 1}",ok,1,0-5,2,1,0,0,0,0,"{""$buf"": 1}",1.0,,yes,
verilogeval,Prob008_m2014_q4h,e0_t8,VE_testbench/langgraph/.build_sample_e0_t8/samples/Prob008_m2014_q4h/sample_01.json,pass,ok,1,0-5,2,1,0,0,0,0,"{""$buf"": 1}",ok,1,0-5,2,1,0,0,0,0,"{""$buf"": 1}",1.0,,yes,
verilogeval,Prob009_popcount3,e0_t8,VE_testbench/langgraph/.build_sample_e0_t8/samples/Prob009_popcount3/sample_01.json,pass,ok,6,6-10,13,3,0,0,0,0,"{""$add"": 2, ""$buf"": 1, ""$mux"": 3}",ok,3,0-5,4,2,0,0,0,0,"{""$add"": 2, ""$buf"": 1}",2.0,,yes,
verilogeval,Prob010_mt2015_q4a,e0_t8,VE_testbench/langgraph/.build_sample_e0_t8/samples/Prob010_mt2015_q4a/sample_01.json,pass,ok,3,0-5,5,3,0,0,0,0,"{""$and"": 1, ""$buf"": 1, ""$xor"": 1}",ok,3,0-5,5,3,0,0,0,0,"{""$and"": 1, ""$buf"": 1, ""$xor"": 1}",1.0,,yes,
verilogeval,Prob011_norgate,e0_t8,VE_testbench/langgraph/.build_sample_e0_t8/samples/Prob011_norgate/sample_01.json,pass,ok,3,0-5,5,3,0,0,0,0,"{""$buf"": 1, ""$not"": 1, ""$or"": 1}",ok,3,0-5,5,3,0,0,0,0,"{""$buf"": 1, ""$not"": 1, ""$or"": 1}",1.0,,yes,
verilogeval,Prob012_xnorgate,e0_t8,VE_testbench/langgraph/.build_sample_e0_t8/samples/Prob012_xnorgate/sample_01.json,pass,ok,2,0-5,4,2,0,0,0,0,"{""$buf"": 1, ""$eq"": 1}",ok,3,0-5,5,3,0,0,0,0,"{""$buf"": 1, ""$not"": 1, ""$xor"": 1}",0.6667,,yes,
verilogeval,Prob013_m2014_q4e,e0_t8,VE_testbench/langgraph/.build_sample_e0_t8/samples/Prob013_m2014_q4e/sample_01.json,pass,ok,3,0-5,5,3,0,0,0,0,"{""$buf"": 1, ""$not"": 1, ""$or"": 1}",ok,3,0-5,5,3,0,0,0,0,"{""$buf"": 1, ""$not"": 1, ""$or"": 1}",1.0,,yes,
verilogeval,Prob014_andgate,e0_t8,VE_testbench/langgraph/.build_sample_e0_t8/samples/Prob014_andgate/sample_01.json,pass,ok,2,0-5,4,2,0,0,0,0,"{""$and"": 1, ""$buf"": 1}",ok,2,0-5,4,2,0,0,0,0,"{""$and"": 1, ""$buf"": 1}",1.0,,yes,
verilogeval,Prob015_vector1,e0_t8,VE_testbench/langgraph/.build_sample_e0_t8/samples/Prob015_vector1/sample_01.json,pass,ok,2,0-5,3,1,0,0,0,0,"{""$buf"": 2}",ok,1,0-5,3,1,0,0,0,0,"{""$buf"": 1}",2.0,,yes,
verilogeval,Prob016_m2014_q4j,e0_t8,VE_testbench/langgraph/.build_sample_e0_t8/samples/Prob016_m2014_q4j/sample_01.json,pass,ok,12,11-15,12,2,0,0,0,0,"{""$add"": 7, ""$buf"": 5}",ok,2,0-5,4,2,0,0,0,0,"{""$add"": 1, ""$buf"": 1}",6.0,,yes,
verilogeval,Prob017_mux2to1v,e0_t8,VE_testbench/langgraph/.build_sample_e0_t8/samples/Prob017_mux2to1v/sample_01.json,pass,ok,3,0-5,8,3,0,0,0,0,"{""$buf"": 1, ""$mux"": 1, ""$not"": 1}",ok,2,0-5,5,2,0,0,0,0,"{""$buf"": 1, ""$mux"": 1}",1.5,,yes,
verilogeval,Prob018_mux256to1,e0_t8,VE_testbench/langgraph/.build_sample_e0_t8/samples/Prob018_mux256to1/sample_01.json,pass,ok,4,0-5,7,4,0,0,0,0,"{""$bmux"": 1, ""$buf"": 1, ""$lt"": 1, ""$mux"": 1}",ok,4,0-5,6,4,0,0,0,0,"{""$bmux"": 1, ""$buf"": 1, ""$lt"": 1, ""$mux"": 1}",1.0,,yes,
verilogeval,Prob019_m2014_q4f,e0_t8,VE_testbench/langgraph/.build_sample_e0_t8/samples/Prob019_m2014_q4f/sample_01.json,pass,ok,3,0-5,5,3,0,0,0,0,"{""$and"": 1, ""$buf"": 1, ""$not"": 1}",ok,3,0-5,5,3,0,0,0,0,"{""$and"": 1, ""$buf"": 1, ""$not"": 1}",1.0,,yes,
verilogeval,Prob020_mt2015_eq2,e0_t8,VE_testbench/langgraph/.build_sample_e0_t8/samples/Prob020_mt2015_eq2/sample_01.json,pass,ok,3,0-5,5,3,0,0,0,0,"{""$buf"": 1, ""$eq"": 1, ""$mux"": 1}",ok,2,0-5,4,2,0,0,0,0,"{""$buf"": 1, ""$eq"": 1}",1.5,,yes,
verilogeval,Prob021_mux256to1v,e0_t8,VE_testbench/langgraph/.build_sample_e0_t8/samples/Prob021_mux256to1v/sample_01.json,pass,ok,3,0-5,6,3,0,0,0,0,"{""$buf"": 1, ""$mul"": 1, ""$shiftx"": 1}",ok,21,16+,23,6,0,0,0,0,"{""$add"": 4, ""$bmux"": 4, ""$buf"": 1, ""$lt"": 4, ""$mul"": 4, ""$mux"": 4}",0.1429,,yes,
verilogeval,Prob022_mux2to1,e0_t8,VE_testbench/langgraph/.build_sample_e0_t8/samples/Prob022_mux2to1/sample_01.json,pass,ok,2,0-5,5,2,0,0,0,0,"{""$buf"": 1, ""$mux"": 1}",ok,2,0-5,5,2,0,0,0,0,"{""$buf"": 1, ""$mux"": 1}",1.0,,yes,
verilogeval,Prob023_vector100r,e0_t8,VE_testbench/langgraph/.build_sample_e0_t8/samples/Prob023_vector100r/sample_01.json,pass,ok,1,0-5,3,1,0,0,0,0,"{""$buf"": 1}",ok,1,0-5,2,1,0,0,0,0,"{""$buf"": 1}",1.0,,yes,
verilogeval,Prob024_hadd,e0_t8,VE_testbench/langgraph/.build_sample_e0_t8/samples/Prob024_hadd/sample_01.json,pass,ok,4,0-5,6,3,0,0,0,0,"{""$and"": 1, ""$buf"": 2, ""$xor"": 1}",ok,2,0-5,5,2,0,0,0,0,"{""$add"": 1, ""$buf"": 1}",2.0,,yes,
verilogeval,Prob025_reduction,e0_t8,VE_testbench/langgraph/.build_sample_e0_t8/samples/Prob025_reduction/sample_01.json,pass,ok,8,6-10,9,2,0,0,0,0,"{""$buf"": 1, ""$xor"": 7}",ok,2,0-5,3,2,0,0,0,0,"{""$buf"": 1, ""$reduce_xor"": 1}",4.0,,yes,
verilogeval,Prob026_alwaysblock1,e0_t8,VE_testbench/langgraph/.build_sample_e0_t8/samples/Prob026_alwaysblock1/sample_01.json,pass,ok,4,0-5,6,2,0,0,0,0,"{""$and"": 2, ""$buf"": 2}",ok,4,0-5,6,2,0,0,0,0,"{""$and"": 2, ""$buf"": 2}",1.0,,yes,
verilogeval,Prob027_fadd,e0_t8,VE_testbench/langgraph/.build_sample_e0_t8/samples/Prob027_fadd/sample_01.json,pass,ok,8,6-10,11,4,0,0,0,0,"{""$and"": 2, ""$buf"": 2, ""$or"": 1, ""$xor"": 3}",ok,3,0-5,7,2,0,0,0,0,"{""$add"": 2, ""$buf"": 1}",2.6667,,yes,
verilogeval,Prob028_m2014_q4a,e0_t8,VE_testbench/langgraph/.build_sample_e0_t8/samples/Prob028_m2014_q4a/sample_01.json,pass,ok,4,0-5,12,2,0,1,0,0,"{""$dlatch"": 1, ""$mux"": 3}",ok,4,0-5,12,2,0,1,0,0,"{""$dlatch"": 1, ""$mux"": 3}",1.0,,yes,
verilogeval,Prob029_m2014_q4g,e0_t8,VE_testbench/langgraph/.build_sample_e0_t8/samples/Prob029_m2014_q4g/sample_01.json,pass,ok,4,0-5,7,3,0,0,0,0,"{""$buf"": 2, ""$eq"": 1, ""$xor"": 1}",ok,4,0-5,7,3,0,0,0,0,"{""$buf"": 1, ""$not"": 1, ""$xor"": 2}",1.0,,yes,
verilogeval,Prob030_popcount255,e0_t8,VE_testbench/langgraph/.build_sample_e0_t8/samples/Prob030_popcount255/sample_01.json,pass,ok,256,16+,258,2,0,0,0,0,"{""$add"": 255, ""$buf"": 1}",ok,256,16+,257,2,0,0,0,0,"{""$add"": 255, ""$buf"": 1}",1.0,,yes,
verilogeval,Prob031_dff,e0_t8,VE_testbench/langgraph/.build_sample_e0_t8/samples/Prob031_dff/sample_01.json,pass,ok,1,0-5,3,1,1,0,0,0,"{""$dff"": 1}",ok,1,0-5,3,1,1,0,0,0,"{""$dff"": 1}",1.0,1.0,yes,
verilogeval,Prob032_vector0,e0_t8,VE_testbench/langgraph/.build_sample_e0_t8/samples/Prob032_vector0/sample_01.json,pass,ok,4,0-5,5,1,0,0,0,0,"{""$buf"": 4}",ok,2,0-5,5,1,0,0,0,0,"{""$buf"": 2}",2.0,,yes,
verilogeval,Prob033_ece241_2014_q1c,e0_t8,VE_testbench/langgraph/.build_sample_e0_t8/samples/Prob033_ece241_2014_q1c/sample_01.json,pass,ok,5,0-5,10,5,0,0,0,0,"{""$add"": 1, ""$buf"": 1, ""$gt"": 1, ""$logic_or"": 1, ""$lt"": 1}",ok,8,6-10,10,6,0,0,0,0,"{""$add"": 1, ""$buf"": 3, ""$logic_and"": 1, ""$logic_not"": 1, ""$ne"": 1, ""$xor"": 1}",0.625,,yes,
verilogeval,Prob034_dff8,e0_t8,VE_testbench/langgraph/.build_sample_e0_t8/samples/Prob034_dff8/sample_01.json,pass,ok,1,0-5,3,1,1,0,0,0,"{""$dff"": 1}",ok,1,0-5,3,1,1,0,0,0,"{""$dff"": 1}",1.0,1.0,yes,
verilogeval,Prob035_count1to10,e0_t8,VE_testbench/langgraph/.build_sample_e0_t8/samples/Prob035_count1to10/sample_01.json,fail_ts,error_other,,,,,,,,,{},ok,5,0-5,9,5,1,0,0,0,"{""$add"": 1, ""$dff"": 1, ""$eq"": 1, ""$logic_or"": 1, ""$mux"": 1}",,,no,functional_status=fail_ts; gen_synth_status=error_other
verilogeval,Prob036_ringer,e0_t8,VE_testbench/langgraph/.build_sample_e0_t8/samples/Prob036_ringer/sample_01.json,pass,ok,4,0-5,7,3,0,0,0,0,"{""$and"": 2, ""$buf"": 1, ""$not"": 1}",ok,5,0-5,7,3,0,0,0,0,"{""$and"": 2, ""$buf"": 2, ""$not"": 1}",0.8,,yes,
verilogeval,Prob037_review2015_count1k,e0_t8,VE_testbench/langgraph/.build_sample_e0_t8/samples/Prob037_review2015_count1k/sample_01.json,fail_ts,ok,3,0-5,5,3,1,0,0,0,"{""$add"": 1, ""$aldff"": 1, ""$logic_not"": 1}",ok,5,0-5,9,5,1,0,0,0,"{""$add"": 1, ""$dff"": 1, ""$eq"": 1, ""$logic_or"": 1, ""$mux"": 1}",,,no,functional_status=fail_ts
verilogeval,Prob038_count15,e0_t8,VE_testbench/langgraph/.build_sample_e0_t8/samples/Prob038_count15/sample_01.json,fail_ts,ok,3,0-5,5,3,1,0,0,0,"{""$add"": 1, ""$aldff"": 1, ""$logic_not"": 1}",ok,3,0-5,7,3,1,0,0,0,"{""$add"": 1, ""$dff"": 1, ""$mux"": 1}",,,no,functional_status=fail_ts
verilogeval,Prob039_always_if,e0_t8,VE_testbench/langgraph/.build_sample_e0_t8/samples/Prob039_always_if/sample_01.json,pass,ok,6,6-10,12,3,0,0,0,0,"{""$buf"": 2, ""$logic_and"": 2, ""$mux"": 2}",ok,6,6-10,10,3,0,0,0,0,"{""$and"": 2, ""$buf"": 2, ""$mux"": 2}",1.0,,yes,
verilogeval,Prob040_count10,e0_t8,VE_testbench/langgraph/.build_sample_e0_t8/samples/Prob040_count10/sample_01.json,fail_ts,ok,3,0-5,5,3,1,0,0,0,"{""$add"": 1, ""$aldff"": 1, ""$logic_not"": 1}",ok,5,0-5,9,5,1,0,0,0,"{""$add"": 1, ""$dff"": 1, ""$eq"": 1, ""$logic_or"": 1, ""$mux"": 1}",,,no,functional_status=fail_ts
verilogeval,Prob041_dff8r,e0_t8,VE_testbench/langgraph/.build_sample_e0_t8/samples/Prob041_dff8r/sample_01.json,pass,ok,2,0-5,7,2,1,0,0,0,"{""$dff"": 1, ""$mux"": 1}",ok,2,0-5,7,2,1,0,0,0,"{""$dff"": 1, ""$mux"": 1}",1.0,1.0,yes,
verilogeval,Prob042_vector4,e0_t8,VE_testbench/langgraph/.build_sample_e0_t8/samples/Prob042_vector4/sample_01.json,pass,ok,1,0-5,2,1,0,0,0,0,"{""$buf"": 1}",ok,1,0-5,2,1,0,0,0,0,"{""$buf"": 1}",1.0,,yes,
verilogeval,Prob043_vector5,e0_t8,VE_testbench/langgraph/.build_sample_e0_t8/samples/Prob043_vector5/sample_01.json,pass,ok,51,16+,56,3,0,0,0,0,"{""$buf"": 1, ""$not"": 25, ""$xor"": 25}",ok,3,0-5,8,3,0,0,0,0,"{""$buf"": 1, ""$not"": 1, ""$xor"": 1}",17.0,,yes,
verilogeval,Prob044_vectorgates,e0_t8,VE_testbench/langgraph/.build_sample_e0_t8/samples/Prob044_vectorgates/sample_01.json,pass,ok,8,6-10,9,4,0,0,0,0,"{""$buf"": 4, ""$logic_or"": 1, ""$not"": 2, ""$or"": 1}",ok,7,6-10,9,4,0,0,0,0,"{""$buf"": 3, ""$logic_or"": 1, ""$not"": 2, ""$or"": 1}",1.1429,,yes,
verilogeval,Prob045_edgedetect2,e0_t8,VE_testbench/langgraph/.build_sample_e0_t8/samples/Prob045_edgedetect2/sample_01.json,pass,ok,50,16+,84,5,2,0,0,0,"{""$dff"": 2, ""$logic_and"": 16, ""$logic_or"": 8, ""$mux"": 8, ""$not"": 16}",ok,3,0-5,5,2,2,0,0,0,"{""$dff"": 2, ""$xor"": 1}",16.6667,1.0,yes,
verilogeval,Prob046_dff8p,e0_t8,VE_testbench/langgraph/.build_sample_e0_t8/samples/Prob046_dff8p/sample_01.json,pass,ok,3,0-5,8,3,1,0,0,0,"{""$buf"": 1, ""$dff"": 1, ""$mux"": 1}",ok,2,0-5,7,2,1,0,0,0,"{""$dff"": 1, ""$mux"": 1}",1.5,1.0,yes,
verilogeval,Prob047_dff8ar,e0_t8,VE_testbench/langgraph/.build_sample_e0_t8/samples/Prob047_dff8ar/sample_01.json,pass,ok,2,0-5,5,2,1,0,0,0,"{""$aldff"": 1, ""$logic_not"": 1}",ok,2,0-5,5,2,1,0,0,0,"{""$aldff"": 1, ""$logic_not"": 1}",1.0,1.0,yes,
verilogeval,Prob048_m2014_q4c,e0_t8,VE_testbench/langgraph/.build_sample_e0_t8/samples/Prob048_m2014_q4c/sample_01.json,pass,ok,2,0-5,7,2,1,0,0,0,"{""$dff"": 1, ""$mux"": 1}",ok,2,0-5,7,2,1,0,0,0,"{""$dff"": 1, ""$mux"": 1}",1.0,1.0,yes,
verilogeval,Prob049_m2014_q4b,e0_t8,VE_testbench/langgraph/.build_sample_e0_t8/samples/Prob049_m2014_q4b/sample_01.json,pass,ok,3,0-5,6,3,1,0,0,0,"{""$aldff"": 1, ""$buf"": 1, ""$logic_not"": 1}",ok,2,0-5,5,2,1,0,0,0,"{""$aldff"": 1, ""$logic_not"": 1}",1.5,1.0,yes,
verilogeval,Prob050_kmap1,e0_t8,VE_testbench/langgraph/.build_sample_e0_t8/samples/Prob050_kmap1/sample_01.json,pass,ok,10,6-10,22,3,0,0,0,0,"{""$buf"": 1, ""$mux"": 6, ""$not"": 3}",ok,3,0-5,6,2,0,0,0,0,"{""$buf"": 1, ""$or"": 2}",3.3333,,yes,
verilogeval,Prob051_gates4,e0_t8,VE_testbench/langgraph/.build_sample_e0_t8/samples/Prob051_gates4/sample_01.json,pass,ok,12,11-15,13,4,0,0,0,0,"{""$and"": 3, ""$buf"": 3, ""$or"": 3, ""$xor"": 3}",ok,6,6-10,7,4,0,0,0,0,"{""$buf"": 3, ""$reduce_and"": 1, ""$reduce_or"": 1, ""$reduce_xor"": 1}",2.0,,yes,
verilogeval,Prob052_gates100,e0_t8,VE_testbench/langgraph/.build_sample_e0_t8/samples/Prob052_gates100/sample_01.json,pass,ok,6,6-10,7,4,0,0,0,0,"{""$buf"": 3, ""$reduce_and"": 1, ""$reduce_or"": 1, ""$reduce_xor"": 1}",ok,6,6-10,7,4,0,0,0,0,"{""$buf"": 3, ""$reduce_and"": 1, ""$reduce_or"": 1, ""$reduce_xor"": 1}",1.0,,yes,
verilogeval,Prob053_m2014_q4d,e0_t8,VE_testbench/langgraph/.build_sample_e0_t8/samples/Prob053_m2014_q4d/sample_01.json,fail_ts,ok,3,0-5,5,3,1,0,0,0,"{""$buf"": 1, ""$dff"": 1, ""$xor"": 1}",ok,2,0-5,4,2,1,0,0,0,"{""$dff"": 1, ""$xor"": 1}",,,no,functional_status=fail_ts
verilogeval,Prob054_edgedetect,e0_t8,VE_testbench/langgraph/.build_sample_e0_t8/samples/Prob054_edgedetect/sample_01.json,pass,ok,26,16+,52,4,2,0,0,0,"{""$dff"": 2, ""$logic_and"": 8, ""$mux"": 8, ""$not"": 8}",ok,4,0-5,6,3,2,0,0,0,"{""$and"": 1, ""$dff"": 2, ""$not"": 1}",6.5,1.0,yes,
verilogeval,Prob055_conditional,e0_t8,VE_testbench/langgraph/.build_sample_e0_t8/samples/Prob055_conditional/sample_01.json,pass,ok,7,6-10,18,3,0,0,0,0,"{""$buf"": 1, ""$lt"": 3, ""$mux"": 3}",ok,7,6-10,17,3,0,0,0,0,"{""$buf"": 1, ""$gt"": 3, ""$mux"": 3}",1.0,,yes,
verilogeval,Prob056_ece241_2013_q7,e0_t8,VE_testbench/langgraph/.build_sample_e0_t8/samples/Prob056_ece241_2013_q7/sample_01.json,pass,ok,9,6-10,21,4,1,0,0,0,"{""$dff"": 1, ""$logic_and"": 1, ""$mux"": 6, ""$not"": 1}",ok,6,6-10,9,4,1,0,0,0,"{""$and"": 2, ""$dff"": 1, ""$not"": 2, ""$or"": 1}",1.5,1.0,yes,
verilogeval,Prob057_kmap2,e0_t8,VE_testbench/langgraph/.build_sample_e0_t8/samples/Prob057_kmap2/sample_01.json,fail_ts,ok,25,16+,31,5,0,0,0,0,"{""$and"": 12, ""$buf"": 1, ""$mux"": 1, ""$not"": 8, ""$or"": 3}",ok,14,11-15,18,4,0,0,0,0,"{""$and"": 6, ""$buf"": 1, ""$not"": 4, ""$or"": 3}",,,no,functional_status=fail_ts
verilogeval,Prob058_alwaysblock2,e0_t8,VE_testbench/langgraph/.build_sample_e0_t8/samples/Prob058_alwaysblock2/sample_01.json,pass,ok,6,6-10,9,3,1,0,0,0,"{""$buf"": 2, ""$dff"": 1, ""$xor"": 3}",ok,6,6-10,9,3,1,0,0,0,"{""$buf"": 2, ""$dff"": 1, ""$xor"": 3}",1.0,1.0,yes,
verilogeval,Prob059_wire4,e0_t8,VE_testbench/langgraph/.build_sample_e0_t8/samples/Prob059_wire4/sample_01.json,pass,ok,4,0-5,7,1,0,0,0,0,"{""$buf"": 4}",ok,1,0-5,7,1,0,0,0,0,"{""$buf"": 1}",4.0,,yes,
verilogeval,Prob060_m2014_q4k,e0_t8,VE_testbench/langgraph/.build_sample_e0_t8/samples/Prob060_m2014_q4k/sample_01.json,fail_ts,ok,3,0-5,7,2,2,0,0,0,"{""$aldff"": 2, ""$logic_not"": 1}",ok,4,0-5,9,4,1,0,0,0,"{""$buf"": 1, ""$dff"": 1, ""$mux"": 1, ""$not"": 1}",,,no,functional_status=fail_ts
verilogeval,Prob061_2014_q4a,e0_t8,VE_testbench/langgraph/.build_sample_e0_t8/samples/Prob061_2014_q4a/sample_01.json,pass,ok,4,0-5,14,2,1,0,0,0,"{""$dff"": 1, ""$mux"": 3}",ok,4,0-5,14,2,1,0,0,0,"{""$dff"": 1, ""$mux"": 3}",1.0,1.0,yes,
verilogeval,Prob062_bugs_mux2,e0_t8,VE_testbench/langgraph/.build_sample_e0_t8/samples/Prob062_bugs_mux2/sample_01.json,fail_ts,ok,5,0-5,8,4,0,0,0,0,"{""$and"": 2, ""$buf"": 1, ""$not"": 1, ""$or"": 1}",ok,2,0-5,5,2,0,0,0,0,"{""$buf"": 1, ""$mux"": 1}",,,no,functional_status=fail_ts
verilogeval,Prob063_review2015_shiftcount,e0_t8,VE_testbench/langgraph/.build_sample_e0_t8/samples/Prob063_review2015_shiftcount/sample_01.json,fail_ts,ok,5,0-5,14,3,1,0,0,0,"{""$dff"": 1, ""$mux"": 3, ""$sub"": 1}",ok,5,0-5,14,3,1,0,0,0,"{""$dff"": 1, ""$mux"": 3, ""$sub"": 1}",,,no,functional_status=fail_ts
verilogeval,Prob064_vector3,e0_t8,VE_testbench/langgraph/.build_sample_e0_t8/samples/Prob064_vector3/sample_01.json,pass,ok,5,0-5,11,1,0,0,0,0,"{""$buf"": 5}",ok,1,0-5,10,1,0,0,0,0,"{""$buf"": 1}",5.0,,yes,
verilogeval,Prob065_7420,e0_t8,VE_testbench/langgraph/.build_sample_e0_t8/samples/Prob065_7420/sample_01.json,pass,ok,10,6-10,18,3,0,0,0,0,"{""$and"": 6, ""$buf"": 2, ""$not"": 2}",ok,6,6-10,14,3,0,0,0,0,"{""$buf"": 2, ""$logic_not"": 2, ""$reduce_and"": 2}",1.6667,,yes,
verilogeval,Prob066_edgecapture,e0_t8,VE_testbench/langgraph/.build_sample_e0_t8/samples/Prob066_edgecapture/sample_01.json,fail_ts,ok,7,6-10,10,6,2,0,0,0,"{""$aldff"": 2, ""$and"": 1, ""$logic_not"": 1, ""$not"": 1, ""$or"": 1, ""$xor"": 1}",ok,6,6-10,11,5,2,0,0,0,"{""$and"": 1, ""$dff"": 2, ""$mux"": 1, ""$not"": 1, ""$or"": 1}",,,no,functional_status=fail_ts
verilogeval,Prob067_countslow,e0_t8,VE_testbench/langgraph/.build_sample_e0_t8/samples/Prob067_countslow/sample_01.json,fail_ts,ok,4,0-5,9,4,1,0,0,0,"{""$add"": 1, ""$aldff"": 1, ""$logic_not"": 1, ""$mux"": 1}",ok,9,6-10,21,4,1,0,0,0,"{""$add"": 1, ""$dff"": 1, ""$eq"": 1, ""$mux"": 6}",,,no,functional_status=fail_ts
verilogeval,Prob068_countbcd,e0_t8,VE_testbench/langgraph/.build_sample_e0_t8/samples/Prob068_countbcd/sample_01.json,fail_ts,error_other,,,,,,,,,{},ok,34,16+,56,7,1,0,0,0,"{""$add"": 4, ""$buf"": 2, ""$dff"": 1, ""$eq"": 7, ""$logic_and"": 4, ""$logic_or"": 4, ""$mux"": 12}",,,no,functional_status=fail_ts; gen_synth_status=error_other
verilogeval,Prob069_truthtable1,e0_t8,VE_testbench/langgraph/.build_sample_e0_t8/samples/Prob069_truthtable1/sample_01.json,pass,ok,3,0-5,6,3,0,0,1,8,"{""$buf"": 1, ""$meminit"": 1, ""$memrd_v2"": 1}",ok,16,16+,19,4,0,0,0,0,"{""$and"": 8, ""$buf"": 1, ""$not"": 4, ""$or"": 3}",0.1875,,yes,
verilogeval,Prob070_ece241_2013_q2,e0_t8,VE_testbench/langgraph/.build_sample_e0_t8/samples/Prob070_ece241_2013_q2/sample_01.json,fail_ts,ok,27,16+,31,4,0,0,0,0,"{""$and"": 12, ""$buf"": 2, ""$not"": 11, ""$or"": 2}",ok,24,16+,28,6,0,0,0,0,"{""$and"": 7, ""$buf"": 4, ""$eq"": 1, ""$mux"": 1, ""$not"": 6, ""$or"": 5}",,,no,functional_status=fail_ts
verilogeval,Prob071_always_casez,e0_t8,VE_testbench/langgraph/.build_sample_e0_t8/samples/Prob071_always_casez/sample_01.json,pass,ok,37,16+,82,2,0,0,0,0,"{""$buf"": 1, ""$mux"": 36}",ok,9,6-10,19,2,0,0,0,0,"{""$buf"": 1, ""$mux"": 8}",4.1111,,yes,
verilogeval,Prob072_thermostat,e0_t8,VE_testbench/langgraph/.build_sample_e0_t8/samples/Prob072_thermostat/sample_01.json,pass,ok,20,16+,55,4,0,0,0,0,"{""$buf"": 1, ""$logic_and"": 2, ""$mux"": 16, ""$not"": 1}",ok,8,6-10,12,5,0,0,0,0,"{""$and"": 2, ""$buf"": 3, ""$mux"": 1, ""$not"": 1, ""$or"": 1}",2.5,,yes,
verilogeval,Prob073_dff16e,e0_t8,VE_testbench/langgraph/.build_sample_e0_t8/samples/Prob073_dff16e/sample_01.json,fail_ts,ok,5,0-5,14,4,1,0,0,0,"{""$aldff"": 1, ""$buf"": 1, ""$logic_not"": 1, ""$mux"": 2}",ok,7,6-10,19,3,1,0,0,0,"{""$dff"": 1, ""$logic_not"": 1, ""$mux"": 5}",,,no,functional_status=fail_ts
verilogeval,Prob074_ece241_2014_q4,e0_t8,VE_testbench/langgraph/.build_sample_e0_t8/samples/Prob074_ece241_2014_q4/sample_01.json,pass,ok,15,11-15,17,6,3,0,0,0,"{""$and"": 1, ""$buf"": 4, ""$dff"": 3, ""$not"": 3, ""$or"": 3, ""$xor"": 1}",ok,9,6-10,11,8,1,0,0,0,"{""$and"": 1, ""$buf"": 1, ""$dff"": 1, ""$logic_not"": 1, ""$not"": 2, ""$or"": 1, ""$reduce_or"": 1, ""$xor"": 1}",1.6667,3.0,yes,
verilogeval,Prob075_counter_2bc,e0_t8,VE_testbench/langgraph/.build_sample_e0_t8/samples/Prob075_counter_2bc/sample_01.json,pass,ok,16,16+,29,9,1,0,0,0,"{""$add"": 1, ""$aldff"": 1, ""$buf"": 1, ""$gt"": 1, ""$logic_and"": 2, ""$logic_not"": 2, ""$lt"": 1, ""$mux"": 6, ""$sub"": 1}",ok,15,11-15,28,8,1,0,0,0,"{""$add"": 1, ""$aldff"": 1, ""$gt"": 1, ""$logic_and"": 2, ""$logic_not"": 2, ""$lt"": 1, ""$mux"": 6, ""$sub"": 1}",1.0667,1.0,yes,
verilogeval,Prob076_always_case,e0_t8,VE_testbench/langgraph/.build_sample_e0_t8/samples/Prob076_always_case/sample_01.json,pass,ok,8,6-10,16,4,0,0,0,0,"{""$buf"": 1, ""$eq"": 5, ""$logic_not"": 1, ""$pmux"": 1}",ok,8,6-10,16,4,0,0,0,0,"{""$buf"": 1, ""$eq"": 5, ""$logic_not"": 1, ""$pmux"": 1}",1.0,,yes,
verilogeval,Prob077_wire_decl,e0_t8,VE_testbench/langgraph/.build_sample_e0_t8/samples/Prob077_wire_decl/sample_01.json,pass,ok,9,6-10,13,4,0,0,0,0,"{""$and"": 2, ""$buf"": 5, ""$not"": 1, ""$or"": 1}",ok,8,6-10,12,4,0,0,0,0,"{""$and"": 2, ""$buf"": 4, ""$not"": 1, ""$or"": 1}",1.125,,yes,
verilogeval,Prob078_dualedge,e0_t8,VE_testbench/langgraph/.build_sample_e0_t8/samples/Prob078_dualedge/sample_01.json,pass,ok,4,0-5,9,3,2,0,0,0,"{""$buf"": 1, ""$dff"": 2, ""$mux"": 1}",ok,4,0-5,6,3,2,0,0,0,"{""$buf"": 1, ""$dff"": 2, ""$mux"": 1}",1.0,1.0,yes,
verilogeval,Prob079_fsm3onehot,e0_t8,VE_testbench/langgraph/.build_sample_e0_t8/samples/Prob079_fsm3onehot/sample_01.json,fail_ts,ok,11,11-15,15,4,0,0,0,0,"{""$buf"": 1, ""$eq"": 5, ""$mux"": 4, ""$pmux"": 1}",ok,15,11-15,14,4,0,0,0,0,"{""$and"": 4, ""$buf"": 5, ""$not"": 2, ""$or"": 4}",,,no,functional_status=fail_ts
verilogeval,Prob080_timer,e0_t8,VE_testbench/langgraph/.build_sample_e0_t8/samples/Prob080_timer/sample_01.json,pass,ok,9,6-10,17,6,1,0,0,0,"{""$buf"": 2, ""$dff"": 1, ""$gt"": 1, ""$logic_not"": 1, ""$mux"": 3, ""$sub"": 1}",ok,8,6-10,16,6,1,0,0,0,"{""$buf"": 1, ""$dff"": 1, ""$logic_not"": 1, ""$mux"": 3, ""$reduce_bool"": 1, ""$sub"": 1}",1.125,1.0,yes,
verilogeval,Prob081_7458,e0_t8,VE_testbench/langgraph/.build_sample_e0_t8/samples/Prob081_7458/sample_01.json,pass,ok,10,6-10,20,3,0,0,0,0,"{""$buf"": 2, ""$logic_and"": 6, ""$logic_or"": 2}",ok,8,6-10,18,3,0,0,0,0,"{""$buf"": 2, ""$or"": 2, ""$reduce_and"": 4}",1.25,,yes,
verilogeval,Prob082_lfsr32,e0_t8,VE_testbench/langgraph/.build_sample_e0_t8/samples/Prob082_lfsr32/sample_01.json,fail_ts,ok,7,6-10,8,4,1,0,0,0,"{""$aldff"": 1, ""$buf"": 1, ""$logic_not"": 1, ""$xor"": 4}",ok,6,6-10,10,4,1,0,0,0,"{""$buf"": 1, ""$dff"": 1, ""$mux"": 1, ""$xor"": 3}",,,no,functional_status=fail_ts
verilogeval,Prob083_mt2015_q4b,e0_t8,VE_testbench/langgraph/.build_sample_e0_t8/samples/Prob083_mt2015_q4b/sample_01.json,pass,ok,27,16+,57,4,0,1,0,0,"{""$dlatch"": 1, ""$logic_and"": 4, ""$mux"": 18, ""$not"": 4}",ok,3,0-5,5,3,0,0,0,0,"{""$buf"": 1, ""$not"": 1, ""$xor"": 1}",9.0,,yes,
verilogeval,Prob084_ece241_2013_q12,e0_t8,VE_testbench/langgraph/.build_sample_e0_t8/samples/Prob084_ece241_2013_q12/sample_01.json,pass,ok,39,16+,59,6,1,0,0,0,"{""$buf"": 1, ""$dff"": 1, ""$logic_and"": 16, ""$mux"": 8, ""$not"": 12, ""$tribuf"": 1}",ok,6,6-10,14,5,1,0,0,0,"{""$bmux"": 1, ""$buf"": 1, ""$dff"": 1, ""$lt"": 1, ""$mux"": 2}",6.5,1.0,yes,
verilogeval,Prob085_shift4,e0_t8,VE_testbench/langgraph/.build_sample_e0_t8/samples/Prob085_shift4/sample_01.json,fail_ts,ok,5,0-5,15,3,1,0,0,0,"{""$aldff"": 1, ""$logic_not"": 1, ""$mux"": 3}",ok,5,0-5,15,3,1,0,0,0,"{""$aldff"": 1, ""$logic_not"": 1, ""$mux"": 3}",,,no,functional_status=fail_ts
verilogeval,Prob086_lfsr5,e0_t8,VE_testbench/langgraph/.build_sample_e0_t8/samples/Prob086_lfsr5/sample_01.json,fail_ts,ok,3,0-5,5,3,1,0,0,0,"{""$aldff"": 1, ""$logic_not"": 1, ""$xor"": 1}",ok,4,0-5,8,4,1,0,0,0,"{""$buf"": 1, ""$dff"": 1, ""$mux"": 1, ""$xor"": 1}",,,no,functional_status=fail_ts
verilogeval,Prob087_gates,e0_t8,VE_testbench/langgraph/.build_sample_e0_t8/samples/Prob087_gates/sample_01.json,pass,ok,18,16+,20,5,0,0,0,0,"{""$and"": 3, ""$buf"": 7, ""$not"": 4, ""$or"": 2, ""$xor"": 2}",ok,17,16+,19,6,0,0,0,0,"{""$and"": 3, ""$buf"": 7, ""$not"": 3, ""$or"": 2, ""$xnor"": 1, ""$xor"": 1}",1.0588,,yes,
verilogeval,Prob088_ece241_2014_q5b,e0_t8,VE_testbench/langgraph/.build_sample_e0_t8/samples/Prob088_ece241_2014_q5b/sample_01.json,pass,ok,22,16+,36,6,1,0,0,0,"{""$aldff"": 1, ""$buf"": 1, ""$eq"": 8, ""$logic_not"": 2, ""$mux"": 8, ""$pmux"": 2}",ok,11,11-15,18,8,1,0,0,0,"{""$aldff"": 1, ""$buf"": 1, ""$logic_and"": 2, ""$logic_not"": 1, ""$mux"": 1, ""$not"": 3, ""$or"": 1, ""$pmux"": 1}",2.0,1.0,yes,
verilogeval,Prob089_ece241_2014_q5a,e0_t8,VE_testbench/langgraph/.build_sample_e0_t8/samples/Prob089_ece241_2014_q5a/sample_01.json,fail_ts,ok,108,16+,247,6,4,0,0,0,"{""$add"": 1, ""$aldff"": 2, ""$dffe"": 2, ""$logic_not"": 2, ""$mux"": 68, ""$not"": 33}",ok,11,11-15,15,6,1,0,0,0,"{""$aldff"": 1, ""$buf"": 1, ""$eq"": 3, ""$logic_not"": 2, ""$mux"": 3, ""$pmux"": 1}",,,no,functional_status=fail_ts
verilogeval,Prob090_circuit1,e0_t8,VE_testbench/langgraph/.build_sample_e0_t8/samples/Prob090_circuit1/sample_01.json,pass,ok,2,0-5,4,2,0,0,0,0,"{""$and"": 1, ""$buf"": 1}",ok,2,0-5,4,2,0,0,0,0,"{""$and"": 1, ""$buf"": 1}",1.0,,yes,
verilogeval,Prob091_2012_q2b,e0_t8,VE_testbench/langgraph/.build_sample_e0_t8/samples/Prob091_2012_q2b/sample_01.json,fail_ts,ok,2,0-5,4,1,0,0,0,0,"{""$buf"": 2}",ok,8,6-10,10,4,0,0,0,0,"{""$and"": 2, ""$buf"": 2, ""$not"": 1, ""$or"": 3}",,,no,functional_status=fail_ts
verilogeval,Prob092_gatesv100,e0_t8,VE_testbench/langgraph/.build_sample_e0_t8/samples/Prob092_gatesv100/sample_01.json,pass,ok,299,16+,302,4,0,0,0,0,"{""$and"": 99, ""$buf"": 1, ""$or"": 99, ""$xor"": 100}",ok,6,6-10,7,4,0,0,0,0,"{""$and"": 1, ""$buf"": 3, ""$or"": 1, ""$xor"": 1}",49.8333,,yes,
verilogeval,Prob093_ece241_2014_q3,e0_t8,VE_testbench/langgraph/.build_sample_e0_t8/samples/Prob093_ece241_2014_q3/sample_01.json,fail_ts,ok,12,11-15,11,3,0,0,0,0,"{""$and"": 4, ""$buf"": 4, ""$not"": 4}",ok,7,6-10,6,4,0,0,0,0,"{""$and"": 1, ""$buf"": 4, ""$not"": 1, ""$or"": 1}",,,no,functional_status=fail_ts
verilogeval,Prob094_gatesv,e0_t8,VE_testbench/langgraph/.build_sample_e0_t8/samples/Prob094_gatesv/sample_01.json,pass,error_other,,,,,,,,,{},ok,6,6-10,7,4,0,0,0,0,"{""$and"": 1, ""$buf"": 3, ""$or"": 1, ""$xor"": 1}",,,no,gen_synth_status=error_other
verilogeval,Prob095_review2015_fsmshift,e0_t8,VE_testbench/langgraph/.build_sample_e0_t8/samples/Prob095_review2015_fsmshift/sample_01.json,fail_ts,ok,7,6-10,11,7,2,0,0,0,"{""$add"": 1, ""$aldff"": 1, ""$dffe"": 1, ""$logic_and"": 1, ""$logic_not"": 1, ""$lt"": 1, ""$mux"": 1}",ok,17,16+,22,7,1,0,0,0,"{""$buf"": 2, ""$dff"": 1, ""$eq"": 7, ""$logic_not"": 2, ""$logic_or"": 3, ""$mux"": 1, ""$pmux"": 1}",,,no,functional_status=fail_ts
verilogeval,Prob096_review2015_fsmseq,e0_t8,VE_testbench/langgraph/.build_sample_e0_t8/samples/Prob096_review2015_fsmseq/sample_01.json,fail_ts,ok,32,16+,53,8,1,1,0,0,"{""$aldff"": 1, ""$buf"": 1, ""$dlatch"": 1, ""$eq"": 10, ""$logic_not"": 3, ""$mux"": 14, ""$not"": 1, ""$pmux"": 1}",ok,15,11-15,21,6,1,0,0,0,"{""$buf"": 2, ""$dff"": 1, ""$eq"": 5, ""$logic_not"": 1, ""$mux"": 5, ""$pmux"": 1}",,,no,functional_status=fail_ts
verilogeval,Prob097_mux9to1v,e0_t8,VE_testbench/langgraph/.build_sample_e0_t8/samples/Prob097_mux9to1v/sample_01.json,pass,ok,11,11-15,22,4,0,0,0,0,"{""$buf"": 1, ""$eq"": 8, ""$logic_not"": 1, ""$pmux"": 1}",ok,11,11-15,22,4,0,0,0,0,"{""$buf"": 1, ""$eq"": 8, ""$logic_not"": 1, ""$pmux"": 1}",1.0,,yes,
verilogeval,Prob098_circuit7,e0_t8,VE_testbench/langgraph/.build_sample_e0_t8/samples/Prob098_circuit7/sample_01.json,fail_ts,ok,3,0-5,7,3,1,0,0,0,"{""$dff"": 1, ""$mux"": 1, ""$not"": 1}",ok,2,0-5,4,2,1,0,0,0,"{""$dff"": 1, ""$not"": 1}",,,no,functional_status=fail_ts
verilogeval,Prob099_m2014_q6c,e0_t8,VE_testbench/langgraph/.build_sample_e0_t8/samples/Prob099_m2014_q6c/sample_01.json,fail_ts,ok,9,6-10,20,4,0,0,0,0,"{""$buf"": 1, ""$eq"": 3, ""$mux"": 4, ""$pmux"": 1}",ok,8,6-10,10,4,0,0,0,0,"{""$and"": 2, ""$buf"": 2, ""$not"": 1, ""$or"": 3}",,,no,functional_status=fail_ts
verilogeval,Prob100_fsm3comb,e0_t8,VE_testbench/langgraph/.build_sample_e0_t8/samples/Prob100_fsm3comb/sample_01.json,pass,ok,27,16+,40,6,0,0,0,0,"{""$buf"": 1, ""$eq"": 9, ""$logic_not"": 3, ""$mux"": 8, ""$not"": 4, ""$pmux"": 2}",ok,12,11-15,15,5,0,0,0,0,"{""$buf"": 2, ""$eq"": 4, ""$logic_not"": 1, ""$mux"": 4, ""$pmux"": 1}",2.25,,yes,
verilogeval,Prob101_circuit4,e0_t8,VE_testbench/langgraph/.build_sample_e0_t8/samples/Prob101_circuit4/sample_01.json,pass,ok,57,16+,117,3,0,0,0,0,"{""$buf"": 1, ""$mux"": 41, ""$not"": 15}",ok,2,0-5,6,2,0,0,0,0,"{""$buf"": 1, ""$or"": 1}",28.5,,yes,
verilogeval,Prob102_circuit3,e0_t8,VE_testbench/langgraph/.build_sample_e0_t8/samples/Prob102_circuit3/sample_01.json,pass,ok,3,0-5,7,3,0,0,1,16,"{""$buf"": 1, ""$meminit"": 1, ""$memrd_v2"": 1}",ok,4,0-5,8,3,0,0,0,0,"{""$and"": 1, ""$buf"": 1, ""$or"": 2}",0.75,,yes,
verilogeval,Prob103_circuit2,e0_t8,VE_testbench/langgraph/.build_sample_e0_t8/samples/Prob103_circuit2/sample_01.json,pass,ok,3,0-5,7,3,0,0,1,16,"{""$buf"": 1, ""$meminit"": 1, ""$memrd_v2"": 1}",ok,5,0-5,9,3,0,0,0,0,"{""$buf"": 1, ""$not"": 1, ""$xor"": 3}",0.6,,yes,
verilogeval,Prob104_mt2015_muxdff,e0_t8,VE_testbench/langgraph/.build_sample_e0_t8/samples/Prob104_mt2015_muxdff/sample_01.json,fail_ts,ok,2,0-5,8,2,1,0,0,0,"{""$dff"": 1, ""$mux"": 1}",ok,2,0-5,6,2,1,0,0,0,"{""$dff"": 1, ""$mux"": 1}",,,no,functional_status=fail_ts
verilogeval,Prob105_rotate100,e0_t8,VE_testbench/langgraph/.build_sample_e0_t8/samples/Prob105_rotate100/sample_01.json,pass,ok,10,6-10,23,4,1,0,0,0,"{""$buf"": 1, ""$dff"": 1, ""$eq"": 2, ""$mux"": 6}",ok,9,6-10,22,3,1,0,0,0,"{""$dff"": 1, ""$eq"": 2, ""$mux"": 6}",1.1111,1.0,yes,
verilogeval,Prob106_always_nolatches,e0_t8,VE_testbench/langgraph/.build_sample_e0_t8/samples/Prob106_always_nolatches/sample_01.json,pass,ok,5,0-5,9,2,0,0,0,0,"{""$buf"": 1, ""$eq"": 4}",ok,9,6-10,17,3,0,0,0,0,"{""$buf"": 1, ""$eq"": 4, ""$mux"": 4}",0.5556,,yes,
verilogeval,Prob107_fsm1s,e0_t8,VE_testbench/langgraph/.build_sample_e0_t8/samples/Prob107_fsm1s/sample_01.json,fail_ts,error_other,,,,,,,,,{},ok,8,6-10,16,5,1,0,0,0,"{""$buf"": 2, ""$dff"": 1, ""$mux"": 3, ""$not"": 1, ""$pmux"": 1}",,,no,functional_status=fail_ts; gen_synth_status=error_other
verilogeval,Prob108_rule90,e0_t8,VE_testbench/langgraph/.build_sample_e0_t8/samples/Prob108_rule90/sample_01.json,fail_ts,ok,512,16+,517,3,1,0,0,0,"{""$dff"": 1, ""$mux"": 1, ""$reduce_xor"": 510}",ok,3,0-5,8,3,1,0,0,0,"{""$dff"": 1, ""$mux"": 1, ""$xor"": 1}",,,no,functional_status=fail_ts
verilogeval,Prob109_fsm1,e0_t8,VE_testbench/langgraph/.build_sample_e0_t8/samples/Prob109_fsm1/sample_01.json,pass,ok,16,16+,24,7,1,0,0,0,"{""$aldff"": 1, ""$buf"": 1, ""$eq"": 2, ""$logic_not"": 4, ""$mux"": 5, ""$not"": 2, ""$pmux"": 1}",ok,8,6-10,14,6,1,0,0,0,"{""$aldff"": 1, ""$buf"": 2, ""$logic_not"": 1, ""$mux"": 2, ""$not"": 1, ""$pmux"": 1}",2.0,1.0,yes,
verilogeval,Prob110_fsm2,e0_t8,VE_testbench/langgraph/.build_sample_e0_t8/samples/Prob110_fsm2/sample_01.json,pass,ok,10,6-10,17,6,1,0,0,0,"{""$aldff"": 1, ""$buf"": 1, ""$eq"": 2, ""$logic_not"": 2, ""$mux"": 3, ""$pmux"": 1}",ok,8,6-10,15,6,1,0,0,0,"{""$aldff"": 1, ""$buf"": 2, ""$logic_not"": 1, ""$mux"": 2, ""$not"": 1, ""$pmux"": 1}",1.25,1.0,yes,
verilogeval,Prob111_fsm2s,e0_t8,VE_testbench/langgraph/.build_sample_e0_t8/samples/Prob111_fsm2s/sample_01.json,fail_ts,ok,12,11-15,22,6,1,0,0,0,"{""$aldff"": 1, ""$buf"": 1, ""$eq"": 2, ""$logic_not"": 3, ""$mux"": 4, ""$pmux"": 1}",ok,8,6-10,17,5,1,0,0,0,"{""$buf"": 2, ""$dff"": 1, ""$mux"": 3, ""$not"": 1, ""$pmux"": 1}",,,no,functional_status=fail_ts
verilogeval,Prob112_always_case2,e0_t8,VE_testbench/langgraph/.build_sample_e0_t8/samples/Prob112_always_case2/sample_01.json,pass,ok,17,16+,38,3,0,0,0,0,"{""$buf"": 1, ""$logic_not"": 1, ""$mux"": 15}",ok,3,0-5,4,3,0,0,1,32,"{""$buf"": 1, ""$meminit"": 1, ""$memrd_v2"": 1}",5.6667,,yes,
verilogeval,Prob113_2012_q1g,e0_t8,VE_testbench/langgraph/.build_sample_e0_t8/samples/Prob113_2012_q1g/sample_01.json,fail_ts,ok,6,6-10,7,5,0,0,0,0,"{""$and"": 1, ""$buf"": 1, ""$logic_and"": 1, ""$logic_not"": 2, ""$logic_or"": 1}",ok,3,0-5,4,3,0,0,1,16,"{""$buf"": 1, ""$meminit"": 1, ""$memrd_v2"": 1}",,,no,functional_status=fail_ts
verilogeval,Prob114_bugs_case,e0_t8,VE_testbench/langgraph/.build_sample_e0_t8/samples/Prob114_bugs_case/sample_01.json,pass,ok,22,16+,26,3,0,0,0,0,"{""$buf"": 1, ""$eq"": 19, ""$pmux"": 2}",ok,22,16+,26,3,0,0,0,0,"{""$buf"": 1, ""$eq"": 19, ""$pmux"": 2}",1.0,,yes,
verilogeval,Prob115_shift18,e0_t8,VE_testbench/langgraph/.build_sample_e0_t8/samples/Prob115_shift18/sample_01.json,fail_ts,ok,11,11-15,24,5,1,0,0,0,"{""$dff"": 1, ""$eq"": 3, ""$logic_not"": 1, ""$mux"": 5, ""$pmux"": 1}",ok,11,11-15,24,5,1,0,0,0,"{""$dff"": 1, ""$eq"": 3, ""$logic_not"": 1, ""$mux"": 5, ""$pmux"": 1}",,,no,functional_status=fail_ts
verilogeval,Prob116_m2014_q3,e0_t8,VE_testbench/langgraph/.build_sample_e0_t8/samples/Prob116_m2014_q3/sample_01.json,fail_ts,ok,8,6-10,9,4,0,0,0,0,"{""$and"": 4, ""$buf"": 1, ""$logic_not"": 2, ""$logic_or"": 1}",ok,3,0-5,4,3,0,0,1,16,"{""$buf"": 1, ""$meminit"": 1, ""$memrd_v2"": 1}",,,no,functional_status=fail_ts
verilogeval,Prob117_circuit9,e0_t8,VE_testbench/langgraph/.build_sample_e0_t8/samples/Prob117_circuit9/sample_01.json,fail_ts,ok,3,0-5,8,3,1,0,0,0,"{""$add"": 1, ""$dff"": 1, ""$mux"": 1}",ok,6,6-10,13,4,1,0,0,0,"{""$add"": 1, ""$dff"": 1, ""$eq"": 1, ""$mux"": 3}",,,no,functional_status=fail_ts
verilogeval,Prob118_history_shift,e0_t8,VE_testbench/langgraph/.build_sample_e0_t8/samples/Prob118_history_shift/sample_01.json,pass,ok,6,6-10,18,4,1,0,0,0,"{""$aldff"": 1, ""$buf"": 1, ""$logic_not"": 1, ""$mux"": 3}",ok,5,0-5,17,3,1,0,0,0,"{""$aldff"": 1, ""$logic_not"": 1, ""$mux"": 3}",1.2,1.0,yes,
verilogeval,Prob119_fsm3,e0_t8,VE_testbench/langgraph/.build_sample_e0_t8/samples/Prob119_fsm3/sample_01.json,pass,ok,25,16+,37,7,1,0,0,0,"{""$aldff"": 1, ""$buf"": 1, ""$eq"": 7, ""$logic_not"": 3, ""$mux"": 8, ""$not"": 4, ""$pmux"": 1}",ok,14,11-15,18,6,1,0,0,0,"{""$aldff"": 1, ""$buf"": 2, ""$eq"": 4, ""$logic_not"": 2, ""$mux"": 4, ""$pmux"": 1}",1.7857,1.0,yes,
verilogeval,Prob120_fsm3s,e0_t8,VE_testbench/langgraph/.build_sample_e0_t8/samples/Prob120_fsm3s/sample_01.json,fail_ts,ok,21,16+,27,7,1,0,0,0,"{""$aldff"": 1, ""$buf"": 1, ""$eq"": 6, ""$logic_not"": 3, ""$mux"": 4, ""$not"": 4, ""$pmux"": 2}",ok,14,11-15,20,6,1,0,0,0,"{""$buf"": 2, ""$dff"": 1, ""$eq"": 4, ""$logic_not"": 1, ""$mux"": 5, ""$pmux"": 1}",,,no,functional_status=fail_ts
verilogeval,Prob121_2014_q3bfsm,e0_t8,VE_testbench/langgraph/.build_sample_e0_t8/samples/Prob121_2014_q3bfsm/sample_01.json,fail_ts,ok,6,6-10,10,5,1,0,0,0,"{""$aldff"": 1, ""$buf"": 1, ""$eq"": 2, ""$logic_not"": 1, ""$pmux"": 1}",ok,18,16+,24,7,1,0,0,0,"{""$buf"": 2, ""$dff"": 1, ""$eq"": 6, ""$logic_not"": 1, ""$logic_or"": 1, ""$mux"": 6, ""$pmux"": 1}",,,no,functional_status=fail_ts
verilogeval,Prob122_kmap4,e0_t8,VE_testbench/langgraph/.build_sample_e0_t8/samples/Prob122_kmap4/sample_01.json,pass,ok,4,0-5,8,2,0,0,0,0,"{""$buf"": 1, ""$xor"": 3}",ok,3,0-5,7,3,0,0,1,16,"{""$buf"": 1, ""$meminit"": 1, ""$memrd_v2"": 1}",1.3333,,yes,
verilogeval,Prob123_bugs_addsubz,e0_t8,VE_testbench/langgraph/.build_sample_e0_t8/samples/Prob123_bugs_addsubz/sample_01.json,pass,ok,7,6-10,15,7,0,0,0,0,"{""$add"": 1, ""$buf"": 1, ""$logic_not"": 1, ""$mux"": 1, ""$not"": 1, ""$pmux"": 1, ""$sub"": 1}",ok,6,6-10,12,6,0,0,0,0,"{""$add"": 1, ""$buf"": 1, ""$logic_not"": 1, ""$not"": 1, ""$pmux"": 1, ""$sub"": 1}",1.1667,,yes,
verilogeval,Prob124_rule110,e0_t8,VE_testbench/langgraph/.build_sample_e0_t8/samples/Prob124_rule110/sample_01.json,fail_ts,ok,1541,16+,1556,4,2,0,0,0,"{""$bmux"": 512, ""$dff"": 2, ""$lt"": 510, ""$mux"": 517}",ok,16,16+,21,5,1,0,0,0,"{""$and"": 6, ""$dff"": 1, ""$mux"": 1, ""$not"": 6, ""$or"": 2}",,,no,functional_status=fail_ts
verilogeval,Prob125_kmap3,e0_t8,VE_testbench/langgraph/.build_sample_e0_t8/samples/Prob125_kmap3/sample_01.json,fail_ts,ok,5,0-5,10,3,0,0,0,0,"{""$buf"": 1, ""$eq"": 3, ""$pmux"": 1}",ok,3,0-5,7,3,0,0,1,16,"{""$buf"": 1, ""$meminit"": 1, ""$memrd_v2"": 1}",,,no,functional_status=fail_ts
verilogeval,Prob126_circuit6,e0_t8,VE_testbench/langgraph/.build_sample_e0_t8/samples/Prob126_circuit6/sample_01.json,pass,ok,3,0-5,4,3,0,0,1,128,"{""$buf"": 1, ""$meminit"": 1, ""$memrd_v2"": 1}",ok,3,0-5,4,3,0,0,1,128,"{""$buf"": 1, ""$meminit"": 1, ""$memrd_v2"": 1}",1.0,,yes,
verilogeval,Prob127_lemmings1,e0_t8,VE_testbench/langgraph/.build_sample_e0_t8/samples/Prob127_lemmings1/sample_01.json,fail_ts,ok,32,16+,53,7,1,0,0,0,"{""$aldff"": 1, ""$buf"": 1, ""$eq"": 6, ""$logic_not"": 7, ""$logic_or"": 2, ""$mux"": 12, ""$pmux"": 3}",ok,10,6-10,17,6,1,0,0,0,"{""$aldff"": 1, ""$buf"": 3, ""$logic_not"": 1, ""$mux"": 2, ""$not"": 2, ""$pmux"": 1}",,,no,functional_status=fail_ts
verilogeval,Prob128_fsm_ps2,e0_t8,VE_testbench/langgraph/.build_sample_e0_t8/samples/Prob128_fsm_ps2/sample_01.json,fail_ts,ok,16,16+,25,5,2,0,0,0,"{""$aldff"": 2, ""$eq"": 3, ""$logic_not"": 5, ""$mux"": 4, ""$pmux"": 2}",ok,13,11-15,19,6,1,0,0,0,"{""$buf"": 3, ""$dff"": 1, ""$eq"": 4, ""$logic_not"": 1, ""$mux"": 3, ""$pmux"": 1}",,,no,functional_status=fail_ts
verilogeval,Prob129_ece241_2013_q8,e0_t8,VE_testbench/langgraph/.build_sample_e0_t8/samples/Prob129_ece241_2013_q8/sample_01.json,fail_ts,ok,28,16+,50,7,1,0,0,0,"{""$aldff"": 1, ""$buf"": 1, ""$eq"": 7, ""$logic_not"": 3, ""$mux"": 13, ""$not"": 2, ""$pmux"": 1}",ok,15,11-15,21,6,1,0,0,0,"{""$aldff"": 1, ""$buf"": 2, ""$eq"": 4, ""$logic_not"": 3, ""$mux"": 3, ""$pmux"": 2}",,,no,functional_status=fail_ts
verilogeval,Prob130_circuit5,e0_t8,VE_testbench/langgraph/.build_sample_e0_t8/samples/Prob130_circuit5/sample_01.json,pass,ok,6,6-10,12,4,0,0,0,0,"{""$buf"": 1, ""$eq"": 3, ""$logic_not"": 1, ""$pmux"": 1}",ok,6,6-10,12,4,0,0,0,0,"{""$buf"": 1, ""$eq"": 3, ""$logic_not"": 1, ""$pmux"": 1}",1.0,,yes,
verilogeval,Prob131_mt2015_q4,e0_t8,VE_testbench/langgraph/.build_sample_e0_t8/samples/Prob131_mt2015_q4/sample_01.json,pass,ok,3,0-5,5,3,0,0,0,0,"{""$and"": 1, ""$buf"": 1, ""$xor"": 1}",ok,3,0-5,5,3,0,0,0,0,"{""$buf"": 1, ""$not"": 1, ""$or"": 1}",1.0,,yes,
verilogeval,Prob132_always_if2,e0_t8,VE_testbench/langgraph/.build_sample_e0_t8/samples/Prob132_always_if2/sample_01.json,pass,ok,5,0-5,13,3,0,0,0,0,"{""$buf"": 1, ""$mux"": 2, ""$not"": 2}",ok,6,6-10,13,4,0,0,0,0,"{""$buf"": 2, ""$logic_not"": 1, ""$mux"": 2, ""$not"": 1}",0.8333,,yes,
verilogeval,Prob133_2014_q3fsm,e0_t8,VE_testbench/langgraph/.build_sample_e0_t8/samples/Prob133_2014_q3fsm/sample_01.json,fail_ts,ok,26,16+,41,8,3,0,0,0,"{""$add"": 1, ""$aldff"": 1, ""$dffe"": 2, ""$eq"": 7, ""$ge"": 1, ""$logic_not"": 3, ""$mux"": 10, ""$pmux"": 1}",ok,21,16+,28,6,1,0,0,0,"{""$buf"": 2, ""$dff"": 1, ""$eq"": 8, ""$logic_not"": 1, ""$mux"": 8, ""$pmux"": 1}",,,no,functional_status=fail_ts
verilogeval,Prob134_2014_q3c,e0_t8,VE_testbench/langgraph/.build_sample_e0_t8/samples/Prob134_2014_q3c/sample_01.json,fail_ts,ok,8,6-10,13,6,1,0,0,0,"{""$buf"": 2, ""$dff"": 1, ""$eq"": 2, ""$logic_or"": 1, ""$mux"": 1, ""$not"": 1}",ok,9,6-10,14,6,0,0,1,16,"{""$buf"": 1, ""$eq"": 4, ""$logic_not"": 1, ""$meminit"": 1, ""$memrd_v2"": 1, ""$pmux"": 1}",,,no,functional_status=fail_ts
verilogeval,Prob135_m2014_q6b,e0_t8,VE_testbench/langgraph/.build_sample_e0_t8/samples/Prob135_m2014_q6b/sample_01.json,fail_ts,ok,22,16+,27,4,0,1,0,0,"{""$dlatch"": 1, ""$eq"": 15, ""$logic_not"": 3, ""$pmux"": 3}",ok,3,0-5,5,3,0,0,1,16,"{""$buf"": 1, ""$meminit"": 1, ""$memrd_v2"": 1}",,,no,functional_status=fail_ts
verilogeval,Prob136_m2014_q6,e0_t8,VE_testbench/langgraph/.build_sample_e0_t8/samples/Prob136_m2014_q6/sample_01.json,fail_ts,error_other,,,,,,,,,{},ok,20,16+,26,7,1,0,0,0,"{""$buf"": 2, ""$dff"": 1, ""$eq"": 7, ""$logic_not"": 1, ""$logic_or"": 1, ""$mux"": 7, ""$pmux"": 1}",,,no,functional_status=fail_ts; gen_synth_status=error_other
verilogeval,Prob137_fsm_serial,e0_t8,VE_testbench/langgraph/.build_sample_e0_t8/samples/Prob137_fsm_serial/sample_01.json,fail_ts,error_other,,,,,,,,,{},ok,22,16+,28,6,1,0,0,0,"{""$buf"": 2, ""$dff"": 1, ""$eq"": 12, ""$logic_not"": 1, ""$mux"": 5, ""$pmux"": 1}",,,no,functional_status=fail_ts; gen_synth_status=error_other
verilogeval,Prob138_2012_q2fsm,e0_t8,VE_testbench/langgraph/.build_sample_e0_t8/samples/Prob138_2012_q2fsm/sample_01.json,fail_ts,error_other,,,,,,,,,{},ok,20,16+,26,7,1,0,0,0,"{""$buf"": 2, ""$dff"": 1, ""$eq"": 7, ""$logic_not"": 1, ""$logic_or"": 1, ""$mux"": 7, ""$pmux"": 1}",,,no,functional_status=fail_ts; gen_synth_status=error_other
verilogeval,Prob139_2013_q2bfsm,e0_t8,VE_testbench/langgraph/.build_sample_e0_t8/samples/Prob139_2013_q2bfsm/sample_01.json,fail_ts,ok,23,16+,38,7,3,0,0,0,"{""$aldff"": 3, ""$eq"": 7, ""$logic_and"": 2, ""$logic_not"": 3, ""$mux"": 5, ""$not"": 1, ""$pmux"": 2}",ok,27,16+,34,8,1,0,0,0,"{""$buf"": 3, ""$dff"": 1, ""$eq"": 12, ""$logic_not"": 1, ""$logic_or"": 2, ""$mux"": 6, ""$not"": 1, ""$pmux"": 1}",,,no,functional_status=fail_ts
verilogeval,Prob140_fsm_hdlc,e0_t8,VE_testbench/langgraph/.build_sample_e0_t8/samples/Prob140_fsm_hdlc/sample_01.json,fail_ts,ok,48,16+,85,7,1,0,0,0,"{""$aldff"": 1, ""$buf"": 1, ""$eq"": 17, ""$logic_not"": 3, ""$mux"": 23, ""$not"": 2, ""$pmux"": 1}",ok,30,16+,36,6,1,0,0,0,"{""$buf"": 4, ""$dff"": 1, ""$eq"": 12, ""$logic_not"": 1, ""$mux"": 11, ""$pmux"": 1}",,,no,functional_status=fail_ts
verilogeval,Prob141_count_clock,e0_t8,VE_testbench/langgraph/.build_sample_e0_t8/samples/Prob141_count_clock/sample_01.json,fail_ts,ok,62,16+,133,5,5,0,0,0,"{""$add"": 4, ""$dff"": 5, ""$eq"": 3, ""$mux"": 49, ""$not"": 1}",ok,90,16+,174,7,4,0,0,0,"{""$add"": 6, ""$buf"": 1, ""$dff"": 4, ""$eq"": 12, ""$logic_and"": 6, ""$mux"": 60, ""$not"": 1}",,,no,functional_status=fail_ts
verilogeval,Prob142_lemmings2,e0_t8,VE_testbench/langgraph/.build_sample_e0_t8/samples/Prob142_lemmings2/sample_01.json,fail_ts,ok,43,16+,66,7,4,0,0,0,"{""$aldff"": 4, ""$eq"": 7, ""$logic_and"": 2, ""$logic_not"": 10, ""$logic_or"": 2, ""$mux"": 14, ""$pmux"": 4}",ok,22,16+,28,7,1,0,0,0,"{""$aldff"": 1, ""$buf"": 4, ""$eq"": 6, ""$logic_not"": 3, ""$logic_or"": 1, ""$mux"": 6, ""$pmux"": 1}",,,no,functional_status=fail_ts
verilogeval,Prob143_fsm_onehot,e0_t8,VE_testbench/langgraph/.build_sample_e0_t8/samples/Prob143_fsm_onehot/sample_01.json,fail_ts,ok,31,16+,38,5,0,0,0,0,"{""$buf"": 1, ""$eq"": 10, ""$mux"": 10, ""$not"": 9, ""$pmux"": 1}",ok,34,16+,27,5,0,0,0,0,"{""$buf"": 12, ""$logic_and"": 10, ""$logic_not"": 3, ""$or"": 8, ""$reduce_or"": 1}",,,no,functional_status=fail_ts
verilogeval,Prob144_conwaylife,e0_t8,VE_testbench/langgraph/.build_sample_e0_t8/samples/Prob144_conwaylife/sample_01.json,pass,ok,7951,16+,20000,5,7,0,0,0,"{""$add"": 3908, ""$buf"": 1, ""$dff"": 7, ""$eq"": 512, ""$mux"": 3523}",ok,2307,16+,2568,6,1,0,0,0,"{""$add"": 1792, ""$buf"": 1, ""$dff"": 1, ""$eq"": 256, ""$mux"": 1, ""$or"": 256}",3.4465,7.0,yes,
verilogeval,Prob145_circuit8,e0_t8,VE_testbench/langgraph/.build_sample_e0_t8/samples/Prob145_circuit8/sample_01.json,fail_ts,ok,5,0-5,11,3,2,0,0,0,"{""$dff"": 2, ""$mux"": 2, ""$not"": 1}",ok,5,0-5,13,3,1,1,0,0,"{""$dff"": 1, ""$dlatch"": 1, ""$mux"": 3}",,,no,functional_status=fail_ts
verilogeval,Prob146_fsm_serialdata,e0_t8,VE_testbench/langgraph/.build_sample_e0_t8/samples/Prob146_fsm_serialdata/sample_01.json,fail_ts,ok,49,16+,75,8,3,1,0,0,"{""$aldff"": 3, ""$buf"": 1, ""$dlatch"": 1, ""$eq"": 15, ""$logic_not"": 6, ""$mux"": 20, ""$not"": 1, ""$pmux"": 2}",ok,25,16+,31,6,2,0,0,0,"{""$buf"": 3, ""$dff"": 2, ""$eq"": 12, ""$logic_not"": 1, ""$mux"": 6, ""$pmux"": 1}",,,no,functional_status=fail_ts
verilogeval,Prob147_circuit10,e0_t8,VE_testbench/langgraph/.build_sample_e0_t8/samples/Prob147_circuit10/sample_01.json,fail_ts,ok,3,0-5,6,3,1,0,0,0,"{""$buf"": 1, ""$dff"": 1, ""$or"": 1}",ok,10,6-10,13,5,1,0,0,0,"{""$and"": 3, ""$buf"": 2, ""$dff"": 1, ""$or"": 2, ""$xor"": 2}",,,no,functional_status=fail_ts
verilogeval,Prob148_2013_q2afsm,e0_t8,VE_testbench/langgraph/.build_sample_e0_t8/samples/Prob148_2013_q2afsm/sample_01.json,fail_ts,error_other,,,,,,,,,{},ok,30,16+,43,7,1,0,0,0,"{""$buf"": 4, ""$dff"": 1, ""$eq"": 6, ""$logic_not"": 4, ""$mux"": 13, ""$not"": 1, ""$pmux"": 1}",,,no,functional_status=fail_ts; gen_synth_status=error_other
verilogeval,Prob149_ece241_2013_q4,e0_t8,VE_testbench/langgraph/.build_sample_e0_t8/samples/Prob149_ece241_2013_q4/sample_01.json,fail_ts,error_other,,,,,,,,,{},ok,29,16+,39,6,1,0,0,0,"{""$buf"": 3, ""$dff"": 1, ""$eq"": 10, ""$logic_not"": 2, ""$mux"": 11, ""$pmux"": 2}",,,no,functional_status=fail_ts; gen_synth_status=error_other
verilogeval,Prob150_review2015_fsmonehot,e0_t8,VE_testbench/langgraph/.build_sample_e0_t8/samples/Prob150_review2015_fsmonehot/sample_01.json,fail_ts,ok,14,11-15,18,4,0,0,0,0,"{""$buf"": 8, ""$eq"": 2, ""$ge"": 1, ""$mux"": 3}",ok,27,16+,31,5,0,0,0,0,"{""$and"": 8, ""$buf"": 8, ""$not"": 5, ""$or"": 5, ""$reduce_or"": 1}",,,no,functional_status=fail_ts
verilogeval,Prob151_review2015_fsm,e0_t8,VE_testbench/langgraph/.build_sample_e0_t8/samples/Prob151_review2015_fsm/sample_01.json,fail_ts,ok,38,16+,62,6,4,0,0,0,"{""$aldff"": 4, ""$eq"": 15, ""$logic_not"": 6, ""$mux"": 7, ""$not"": 2, ""$pmux"": 4}",ok,38,16+,60,9,1,0,0,0,"{""$buf"": 2, ""$dff"": 1, ""$eq"": 15, ""$eqx"": 1, ""$logic_not"": 1, ""$logic_or"": 3, ""$mux"": 13, ""$pmux"": 1, ""$reduce_or"": 1}",,,no,functional_status=fail_ts
verilogeval,Prob152_lemmings3,e0_t8,VE_testbench/langgraph/.build_sample_e0_t8/samples/Prob152_lemmings3/sample_01.json,fail_ts,ok,53,16+,90,8,1,0,0,0,"{""$aldff"": 1, ""$buf"": 1, ""$eq"": 11, ""$logic_and"": 2, ""$logic_not"": 8, ""$mux"": 27, ""$not"": 2, ""$pmux"": 1}",ok,52,16+,77,7,1,0,0,0,"{""$aldff"": 1, ""$buf"": 5, ""$eq"": 13, ""$logic_not"": 8, ""$logic_or"": 2, ""$mux"": 22, ""$pmux"": 1}",,,no,functional_status=fail_ts
verilogeval,Prob153_gshare,e0_t8,VE_testbench/langgraph/.build_sample_e0_t8/samples/Prob153_gshare/sample_01.json,fail_ts,ok,157,16+,51,13,131,0,0,0,"{""$add"": 1, ""$aldff"": 3, ""$bmux"": 2, ""$bwmux"": 1, ""$demux"": 2, ""$dffe"": 128, ""$eq"": 1, ""$ge"": 1, ""$logic_and"": 1, ""$logic_not"": 1, ""$lt"": 3, ""$mux"": 10, ""$xor"": 3}",ok,184,16+,82,14,129,0,0,0,"{""$add"": 1, ""$aldff"": 129, ""$bmux"": 5, ""$buf"": 4, ""$bwmux"": 2, ""$demux"": 4, ""$ge"": 2, ""$gt"": 1, ""$logic_and"": 4, ""$logic_not"": 2, ""$lt"": 8, ""$mux"": 19, ""$sub"": 1, ""$xor"": 2}",,,no,functional_status=fail_ts
verilogeval,Prob154_fsm_ps2data,e0_t8,VE_testbench/langgraph/.build_sample_e0_t8/samples/Prob154_fsm_ps2data/sample_01.json,fail_ts,ok,29,16+,47,5,5,0,0,0,"{""$aldff"": 5, ""$eq"": 6, ""$logic_not"": 5, ""$mux"": 12, ""$pmux"": 1}",ok,16,16+,22,6,2,0,0,0,"{""$buf"": 4, ""$dff"": 2, ""$eq"": 4, ""$logic_not"": 1, ""$mux"": 4, ""$pmux"": 1}",,,no,functional_status=fail_ts
verilogeval,Prob155_lemmings4,e0_t8,VE_testbench/langgraph/.build_sample_e0_t8/samples/Prob155_lemmings4/sample_01.json,fail_ts,ok,143,16+,248,9,6,0,0,0,"{""$add"": 1, ""$dff"": 6, ""$eq"": 17, ""$ge"": 1, ""$logic_and"": 1, ""$logic_not"": 22, ""$logic_or"": 2, ""$mux"": 88, ""$pmux"": 5}",ok,66,16+,96,11,2,0,0,0,"{""$add"": 1, ""$aldff"": 1, ""$buf"": 5, ""$dff"": 1, ""$eq"": 16, ""$ge"": 2, ""$logic_not"": 8, ""$logic_or"": 3, ""$lt"": 1, ""$mux"": 27, ""$pmux"": 1}",,,no,functional_status=fail_ts
verilogeval,Prob156_review2015_fancytimer,e0_t8,VE_testbench/langgraph/.build_sample_e0_t8/samples/Prob156_review2015_fancytimer/sample_01.json,fail_ts,ok,32,16+,70,7,4,0,0,0,"{""$add"": 1, ""$aldff"": 4, ""$buf"": 1, ""$logic_and"": 1, ""$logic_not"": 2, ""$lt"": 1, ""$mux"": 22}",ok,58,16+,89,12,3,0,0,0,"{""$add"": 1, ""$buf"": 4, ""$dff"": 3, ""$eq"": 18, ""$eqx"": 1, ""$logic_and"": 2, ""$logic_not"": 3, ""$logic_or"": 3, ""$mux"": 20, ""$pmux"": 1, ""$reduce_or"": 1, ""$sub"": 1}",,,no,functional_status=fail_ts
verilogeval,Prob001_zero,e1_t0,VE_testbench/langgraph/.build_sample_e1_t0/samples/Prob001_zero/sample_01.json,pass,ok,1,0-5,1,1,0,0,0,0,"{""$buf"": 1}",ok,1,0-5,1,1,0,0,0,0,"{""$buf"": 1}",1.0,,yes,
verilogeval,Prob002_m2014_q4i,e1_t0,VE_testbench/langgraph/.build_sample_e1_t0/samples/Prob002_m2014_q4i/sample_01.json,pass,ok,1,0-5,1,1,0,0,0,0,"{""$buf"": 1}",ok,1,0-5,1,1,0,0,0,0,"{""$buf"": 1}",1.0,,yes,
verilogeval,Prob003_step_one,e1_t0,VE_testbench/langgraph/.build_sample_e1_t0/samples/Prob003_step_one/sample_01.json,pass,ok,1,0-5,1,1,0,0,0,0,"{""$buf"": 1}",ok,1,0-5,1,1,0,0,0,0,"{""$buf"": 1}",1.0,,yes,
verilogeval,Prob004_vector2,e1_t0,VE_testbench/langgraph/.build_sample_e1_t0/samples/Prob004_vector2/sample_01.json,pass,ok,4,0-5,2,1,0,0,0,0,"{""$buf"": 4}",ok,1,0-5,2,1,0,0,0,0,"{""$buf"": 1}",4.0,,yes,
verilogeval,Prob005_notgate,e1_t0,VE_testbench/langgraph/.build_sample_e1_t0/samples/Prob005_notgate/sample_01.json,pass,ok,2,0-5,3,2,0,0,0,0,"{""$buf"": 1, ""$not"": 1}",ok,2,0-5,3,2,0,0,0,0,"{""$buf"": 1, ""$not"": 1}",1.0,,yes,
verilogeval,Prob006_vectorr,e1_t0,VE_testbench/langgraph/.build_sample_e1_t0/samples/Prob006_vectorr/sample_01.json,pass,ok,8,6-10,2,1,0,0,0,0,"{""$buf"": 8}",ok,1,0-5,2,1,0,0,0,0,"{""$buf"": 1}",8.0,,yes,
verilogeval,Prob007_wire,e1_t0,VE_testbench/langgraph/.build_sample_e1_t0/samples/Prob007_wire/sample_01.json,pass,ok,1,0-5,2,1,0,0,0,0,"{""$buf"": 1}",ok,1,0-5,2,1,0,0,0,0,"{""$buf"": 1}",1.0,,yes,
verilogeval,Prob008_m2014_q4h,e1_t0,VE_testbench/langgraph/.build_sample_e1_t0/samples/Prob008_m2014_q4h/sample_01.json,pass,ok,1,0-5,2,1,0,0,0,0,"{""$buf"": 1}",ok,1,0-5,2,1,0,0,0,0,"{""$buf"": 1}",1.0,,yes,
verilogeval,Prob009_popcount3,e1_t0,VE_testbench/langgraph/.build_sample_e1_t0/samples/Prob009_popcount3/sample_01.json,pass,ok,9,6-10,9,4,0,0,0,0,"{""$and"": 3, ""$buf"": 2, ""$or"": 2, ""$xor"": 2}",ok,3,0-5,4,2,0,0,0,0,"{""$add"": 2, ""$buf"": 1}",3.0,,yes,
verilogeval,Prob010_mt2015_q4a,e1_t0,VE_testbench/langgraph/.build_sample_e1_t0/samples/Prob010_mt2015_q4a/sample_01.json,pass,ok,3,0-5,5,3,0,0,0,0,"{""$and"": 1, ""$buf"": 1, ""$xor"": 1}",ok,3,0-5,5,3,0,0,0,0,"{""$and"": 1, ""$buf"": 1, ""$xor"": 1}",1.0,,yes,
verilogeval,Prob011_norgate,e1_t0,VE_testbench/langgraph/.build_sample_e1_t0/samples/Prob011_norgate/sample_01.json,pass,ok,3,0-5,5,3,0,0,0,0,"{""$buf"": 1, ""$not"": 1, ""$or"": 1}",ok,3,0-5,5,3,0,0,0,0,"{""$buf"": 1, ""$not"": 1, ""$or"": 1}",1.0,,yes,
verilogeval,Prob012_xnorgate,e1_t0,VE_testbench/langgraph/.build_sample_e1_t0/samples/Prob012_xnorgate/sample_01.json,pass,ok,3,0-5,5,3,0,0,0,0,"{""$buf"": 1, ""$not"": 1, ""$xor"": 1}",ok,3,0-5,5,3,0,0,0,0,"{""$buf"": 1, ""$not"": 1, ""$xor"": 1}",1.0,,yes,
verilogeval,Prob013_m2014_q4e,e1_t0,VE_testbench/langgraph/.build_sample_e1_t0/samples/Prob013_m2014_q4e/sample_01.json,pass,ok,3,0-5,5,3,0,0,0,0,"{""$buf"": 1, ""$not"": 1, ""$or"": 1}",ok,3,0-5,5,3,0,0,0,0,"{""$buf"": 1, ""$not"": 1, ""$or"": 1}",1.0,,yes,
verilogeval,Prob014_andgate,e1_t0,VE_testbench/langgraph/.build_sample_e1_t0/samples/Prob014_andgate/sample_01.json,pass,ok,2,0-5,4,2,0,0,0,0,"{""$and"": 1, ""$buf"": 1}",ok,2,0-5,4,2,0,0,0,0,"{""$and"": 1, ""$buf"": 1}",1.0,,yes,
verilogeval,Prob015_vector1,e1_t0,VE_testbench/langgraph/.build_sample_e1_t0/samples/Prob015_vector1/sample_01.json,pass,ok,2,0-5,3,1,0,0,0,0,"{""$buf"": 2}",ok,1,0-5,3,1,0,0,0,0,"{""$buf"": 1}",2.0,,yes,
verilogeval,Prob016_m2014_q4j,e1_t0,VE_testbench/langgraph/.build_sample_e1_t0/samples/Prob016_m2014_q4j/sample_01.json,pass,ok,2,0-5,4,2,0,0,0,0,"{""$add"": 1, ""$buf"": 1}",ok,2,0-5,4,2,0,0,0,0,"{""$add"": 1, ""$buf"": 1}",1.0,,yes,
verilogeval,Prob017_mux2to1v,e1_t0,VE_testbench/langgraph/.build_sample_e1_t0/samples/Prob017_mux2to1v/sample_01.json,pass,ok,2,0-5,5,2,0,0,0,0,"{""$buf"": 1, ""$mux"": 1}",ok,2,0-5,5,2,0,0,0,0,"{""$buf"": 1, ""$mux"": 1}",1.0,,yes,
verilogeval,Prob018_mux256to1,e1_t0,VE_testbench/langgraph/.build_sample_e1_t0/samples/Prob018_mux256to1/sample_01.json,pass,ok,4,0-5,6,4,0,0,0,0,"{""$bmux"": 1, ""$buf"": 1, ""$lt"": 1, ""$mux"": 1}",ok,4,0-5,6,4,0,0,0,0,"{""$bmux"": 1, ""$buf"": 1, ""$lt"": 1, ""$mux"": 1}",1.0,,yes,
verilogeval,Prob019_m2014_q4f,e1_t0,VE_testbench/langgraph/.build_sample_e1_t0/samples/Prob019_m2014_q4f/sample_01.json,pass,ok,3,0-5,5,3,0,0,0,0,"{""$and"": 1, ""$buf"": 1, ""$not"": 1}",ok,3,0-5,5,3,0,0,0,0,"{""$and"": 1, ""$buf"": 1, ""$not"": 1}",1.0,,yes,
verilogeval,Prob020_mt2015_eq2,e1_t0,VE_testbench/langgraph/.build_sample_e1_t0/samples/Prob020_mt2015_eq2/sample_01.json,pass,ok,3,0-5,5,3,0,0,0,0,"{""$buf"": 1, ""$eq"": 1, ""$mux"": 1}",ok,2,0-5,4,2,0,0,0,0,"{""$buf"": 1, ""$eq"": 1}",1.5,,yes,
verilogeval,Prob021_mux256to1v,e1_t0,VE_testbench/langgraph/.build_sample_e1_t0/samples/Prob021_mux256to1v/sample_01.json,pass,ok,2,0-5,4,2,0,0,0,0,"{""$buf"": 1, ""$shiftx"": 1}",ok,21,16+,23,6,0,0,0,0,"{""$add"": 4, ""$bmux"": 4, ""$buf"": 1, ""$lt"": 4, ""$mul"": 4, ""$mux"": 4}",0.0952,,yes,
verilogeval,Prob022_mux2to1,e1_t0,VE_testbench/langgraph/.build_sample_e1_t0/samples/Prob022_mux2to1/sample_01.json,pass,ok,3,0-5,6,3,0,0,0,0,"{""$buf"": 1, ""$mux"": 1, ""$not"": 1}",ok,2,0-5,5,2,0,0,0,0,"{""$buf"": 1, ""$mux"": 1}",1.5,,yes,
verilogeval,Prob023_vector100r,e1_t0,VE_testbench/langgraph/.build_sample_e1_t0/samples/Prob023_vector100r/sample_01.json,pass,ok,1,0-5,3,1,0,0,0,0,"{""$buf"": 1}",ok,1,0-5,2,1,0,0,0,0,"{""$buf"": 1}",1.0,,yes,
verilogeval,Prob024_hadd,e1_t0,VE_testbench/langgraph/.build_sample_e1_t0/samples/Prob024_hadd/sample_01.json,pass,ok,4,0-5,6,3,0,0,0,0,"{""$and"": 1, ""$buf"": 2, ""$xor"": 1}",ok,2,0-5,5,2,0,0,0,0,"{""$add"": 1, ""$buf"": 1}",2.0,,yes,
verilogeval,Prob025_reduction,e1_t0,VE_testbench/langgraph/.build_sample_e1_t0/samples/Prob025_reduction/sample_01.json,pass,ok,2,0-5,3,2,0,0,0,0,"{""$buf"": 1, ""$reduce_xor"": 1}",ok,2,0-5,3,2,0,0,0,0,"{""$buf"": 1, ""$reduce_xor"": 1}",1.0,,yes,
verilogeval,Prob026_alwaysblock1,e1_t0,VE_testbench/langgraph/.build_sample_e1_t0/samples/Prob026_alwaysblock1/sample_01.json,pass,ok,4,0-5,6,2,0,0,0,0,"{""$and"": 2, ""$buf"": 2}",ok,4,0-5,6,2,0,0,0,0,"{""$and"": 2, ""$buf"": 2}",1.0,,yes,
verilogeval,Prob027_fadd,e1_t0,VE_testbench/langgraph/.build_sample_e1_t0/samples/Prob027_fadd/sample_01.json,pass,ok,3,0-5,7,2,0,0,0,0,"{""$add"": 2, ""$buf"": 1}",ok,3,0-5,7,2,0,0,0,0,"{""$add"": 2, ""$buf"": 1}",1.0,,yes,
verilogeval,Prob028_m2014_q4a,e1_t0,VE_testbench/langgraph/.build_sample_e1_t0/samples/Prob028_m2014_q4a/sample_01.json,pass,ok,2,0-5,7,2,0,0,0,0,"{""$buf"": 1, ""$mux"": 1}",ok,4,0-5,12,2,0,1,0,0,"{""$dlatch"": 1, ""$mux"": 3}",0.5,,yes,
verilogeval,Prob029_m2014_q4g,e1_t0,VE_testbench/langgraph/.build_sample_e1_t0/samples/Prob029_m2014_q4g/sample_01.json,pass,ok,3,0-5,6,3,0,0,0,0,"{""$buf"": 1, ""$xnor"": 1, ""$xor"": 1}",ok,4,0-5,7,3,0,0,0,0,"{""$buf"": 1, ""$not"": 1, ""$xor"": 2}",0.75,,yes,
verilogeval,Prob030_popcount255,e1_t0,VE_testbench/langgraph/.build_sample_e1_t0/samples/Prob030_popcount255/sample_01.json,pass,ok,510,16+,1022,3,0,0,0,0,"{""$add"": 254, ""$buf"": 1, ""$mux"": 255}",ok,256,16+,257,2,0,0,0,0,"{""$add"": 255, ""$buf"": 1}",1.9922,,yes,
verilogeval,Prob031_dff,e1_t0,VE_testbench/langgraph/.build_sample_e1_t0/samples/Prob031_dff/sample_01.json,pass,ok,1,0-5,3,1,1,0,0,0,"{""$dff"": 1}",ok,1,0-5,3,1,1,0,0,0,"{""$dff"": 1}",1.0,1.0,yes,
verilogeval,Prob032_vector0,e1_t0,VE_testbench/langgraph/.build_sample_e1_t0/samples/Prob032_vector0/sample_01.json,pass,ok,4,0-5,5,1,0,0,0,0,"{""$buf"": 4}",ok,2,0-5,5,1,0,0,0,0,"{""$buf"": 2}",2.0,,yes,
verilogeval,Prob033_ece241_2014_q1c,e1_t0,VE_testbench/langgraph/.build_sample_e1_t0/samples/Prob033_ece241_2014_q1c/sample_01.json,pass,ok,11,11-15,13,5,0,0,0,0,"{""$add"": 1, ""$buf"": 2, ""$logic_and"": 4, ""$logic_not"": 3, ""$logic_or"": 1}",ok,8,6-10,10,6,0,0,0,0,"{""$add"": 1, ""$buf"": 3, ""$logic_and"": 1, ""$logic_not"": 1, ""$ne"": 1, ""$xor"": 1}",1.375,,yes,
verilogeval,Prob034_dff8,e1_t0,VE_testbench/langgraph/.build_sample_e1_t0/samples/Prob034_dff8/sample_01.json,pass,ok,2,0-5,4,1,2,0,0,0,"{""$dff"": 2}",ok,1,0-5,3,1,1,0,0,0,"{""$dff"": 1}",2.0,2.0,yes,
verilogeval,Prob035_count1to10,e1_t0,VE_testbench/langgraph/.build_sample_e1_t0/samples/Prob035_count1to10/sample_01.json,pass,ok,5,0-5,9,5,1,0,0,0,"{""$add"": 1, ""$dff"": 1, ""$eq"": 1, ""$logic_or"": 1, ""$mux"": 1}",ok,5,0-5,9,5,1,0,0,0,"{""$add"": 1, ""$dff"": 1, ""$eq"": 1, ""$logic_or"": 1, ""$mux"": 1}",1.0,1.0,yes,
verilogeval,Prob036_ringer,e1_t0,VE_testbench/langgraph/.build_sample_e1_t0/samples/Prob036_ringer/sample_01.json,pass,ok,5,0-5,7,3,0,0,0,0,"{""$and"": 2, ""$buf"": 2, ""$not"": 1}",ok,5,0-5,7,3,0,0,0,0,"{""$and"": 2, ""$buf"": 2, ""$not"": 1}",1.0,,yes,
verilogeval,Prob037_review2015_count1k,e1_t0,VE_testbench/langgraph/.build_sample_e1_t0/samples/Prob037_review2015_count1k/sample_01.json,pass,ok,5,0-5,9,5,1,0,0,0,"{""$add"": 1, ""$dff"": 1, ""$eq"": 1, ""$logic_or"": 1, ""$mux"": 1}",ok,5,0-5,9,5,1,0,0,0,"{""$add"": 1, ""$dff"": 1, ""$eq"": 1, ""$logic_or"": 1, ""$mux"": 1}",1.0,1.0,yes,
verilogeval,Prob038_count15,e1_t0,VE_testbench/langgraph/.build_sample_e1_t0/samples/Prob038_count15/sample_01.json,pass,ok,3,0-5,7,3,1,0,0,0,"{""$add"": 1, ""$dff"": 1, ""$mux"": 1}",ok,3,0-5,7,3,1,0,0,0,"{""$add"": 1, ""$dff"": 1, ""$mux"": 1}",1.0,1.0,yes,
verilogeval,Prob039_always_if,e1_t0,VE_testbench/langgraph/.build_sample_e1_t0/samples/Prob039_always_if/sample_01.json,pass,ok,6,6-10,12,3,0,0,0,0,"{""$buf"": 3, ""$logic_and"": 1, ""$mux"": 2}",ok,6,6-10,10,3,0,0,0,0,"{""$and"": 2, ""$buf"": 2, ""$mux"": 2}",1.0,,yes,
verilogeval,Prob040_count10,e1_t0,VE_testbench/langgraph/.build_sample_e1_t0/samples/Prob040_count10/sample_01.json,pass,ok,5,0-5,9,5,1,0,0,0,"{""$add"": 1, ""$dff"": 1, ""$eq"": 1, ""$logic_or"": 1, ""$mux"": 1}",ok,5,0-5,9,5,1,0,0,0,"{""$add"": 1, ""$dff"": 1, ""$eq"": 1, ""$logic_or"": 1, ""$mux"": 1}",1.0,1.0,yes,
verilogeval,Prob041_dff8r,e1_t0,VE_testbench/langgraph/.build_sample_e1_t0/samples/Prob041_dff8r/sample_01.json,pass,ok,3,0-5,9,2,2,0,0,0,"{""$dff"": 2, ""$mux"": 1}",ok,2,0-5,7,2,1,0,0,0,"{""$dff"": 1, ""$mux"": 1}",1.5,2.0,yes,
verilogeval,Prob042_vector4,e1_t0,VE_testbench/langgraph/.build_sample_e1_t0/samples/Prob042_vector4/sample_01.json,pass,ok,1,0-5,2,1,0,0,0,0,"{""$buf"": 1}",ok,1,0-5,2,1,0,0,0,0,"{""$buf"": 1}",1.0,,yes,
verilogeval,Prob043_vector5,e1_t0,VE_testbench/langgraph/.build_sample_e1_t0/samples/Prob043_vector5/sample_01.json,pass,ok,75,16+,56,3,0,0,0,0,"{""$buf"": 25, ""$not"": 25, ""$xor"": 25}",ok,3,0-5,8,3,0,0,0,0,"{""$buf"": 1, ""$not"": 1, ""$xor"": 1}",25.0,,yes,
verilogeval,Prob044_vectorgates,e1_t0,VE_testbench/langgraph/.build_sample_e1_t0/samples/Prob044_vectorgates/sample_01.json,pass,ok,8,6-10,9,4,0,0,0,0,"{""$buf"": 4, ""$logic_or"": 1, ""$not"": 2, ""$or"": 1}",ok,7,6-10,9,4,0,0,0,0,"{""$buf"": 3, ""$logic_or"": 1, ""$not"": 2, ""$or"": 1}",1.1429,,yes,
verilogeval,Prob045_edgedetect2,e1_t0,VE_testbench/langgraph/.build_sample_e1_t0/samples/Prob045_edgedetect2/sample_01.json,pass,ok,7,6-10,9,4,2,0,0,0,"{""$and"": 2, ""$dff"": 2, ""$not"": 2, ""$or"": 1}",ok,3,0-5,5,2,2,0,0,0,"{""$dff"": 2, ""$xor"": 1}",2.3333,1.0,yes,
verilogeval,Prob046_dff8p,e1_t0,VE_testbench/langgraph/.build_sample_e1_t0/samples/Prob046_dff8p/sample_01.json,pass,ok,2,0-5,7,2,1,0,0,0,"{""$dff"": 1, ""$mux"": 1}",ok,2,0-5,7,2,1,0,0,0,"{""$dff"": 1, ""$mux"": 1}",1.0,1.0,yes,
verilogeval,Prob047_dff8ar,e1_t0,VE_testbench/langgraph/.build_sample_e1_t0/samples/Prob047_dff8ar/sample_01.json,pass,ok,3,0-5,6,2,2,0,0,0,"{""$aldff"": 2, ""$logic_not"": 1}",ok,2,0-5,5,2,1,0,0,0,"{""$aldff"": 1, ""$logic_not"": 1}",1.5,2.0,yes,
verilogeval,Prob048_m2014_q4c,e1_t0,VE_testbench/langgraph/.build_sample_e1_t0/samples/Prob048_m2014_q4c/sample_01.json,pass,ok,2,0-5,7,2,1,0,0,0,"{""$dff"": 1, ""$mux"": 1}",ok,2,0-5,7,2,1,0,0,0,"{""$dff"": 1, ""$mux"": 1}",1.0,1.0,yes,
verilogeval,Prob049_m2014_q4b,e1_t0,VE_testbench/langgraph/.build_sample_e1_t0/samples/Prob049_m2014_q4b/sample_01.json,pass,ok,3,0-5,6,3,1,0,0,0,"{""$aldff"": 1, ""$buf"": 1, ""$logic_not"": 1}",ok,2,0-5,5,2,1,0,0,0,"{""$aldff"": 1, ""$logic_not"": 1}",1.5,1.0,yes,
verilogeval,Prob050_kmap1,e1_t0,VE_testbench/langgraph/.build_sample_e1_t0/samples/Prob050_kmap1/sample_01.json,pass,ok,3,0-5,6,2,0,0,0,0,"{""$buf"": 1, ""$or"": 2}",ok,3,0-5,6,2,0,0,0,0,"{""$buf"": 1, ""$or"": 2}",1.0,,yes,
verilogeval,Prob051_gates4,e1_t0,VE_testbench/langgraph/.build_sample_e1_t0/samples/Prob051_gates4/sample_01.json,pass,ok,6,6-10,7,4,0,0,0,0,"{""$buf"": 3, ""$reduce_and"": 1, ""$reduce_or"": 1, ""$reduce_xor"": 1}",ok,6,6-10,7,4,0,0,0,0,"{""$buf"": 3, ""$reduce_and"": 1, ""$reduce_or"": 1, ""$reduce_xor"": 1}",1.0,,yes,
verilogeval,Prob052_gates100,e1_t0,VE_testbench/langgraph/.build_sample_e1_t0/samples/Prob052_gates100/sample_01.json,pass,ok,6,6-10,7,4,0,0,0,0,"{""$buf"": 3, ""$reduce_and"": 1, ""$reduce_or"": 1, ""$reduce_xor"": 1}",ok,6,6-10,7,4,0,0,0,0,"{""$buf"": 3, ""$reduce_and"": 1, ""$reduce_or"": 1, ""$reduce_xor"": 1}",1.0,,yes,
verilogeval,Prob053_m2014_q4d,e1_t0,VE_testbench/langgraph/.build_sample_e1_t0/samples/Prob053_m2014_q4d/sample_01.json,pass,ok,2,0-5,4,2,1,0,0,0,"{""$dff"": 1, ""$xor"": 1}",ok,2,0-5,4,2,1,0,0,0,"{""$dff"": 1, ""$xor"": 1}",1.0,1.0,yes,
verilogeval,Prob054_edgedetect,e1_t0,VE_testbench/langgraph/.build_sample_e1_t0/samples/Prob054_edgedetect/sample_01.json,pass,ok,27,16+,53,4,3,0,0,0,"{""$dff"": 3, ""$logic_and"": 8, ""$mux"": 8, ""$not"": 8}",ok,4,0-5,6,3,2,0,0,0,"{""$and"": 1, ""$dff"": 2, ""$not"": 1}",6.75,1.5,yes,
verilogeval,Prob055_conditional,e1_t0,VE_testbench/langgraph/.build_sample_e1_t0/samples/Prob055_conditional/sample_01.json,pass,ok,22,16+,35,4,0,0,0,0,"{""$buf"": 1, ""$le"": 9, ""$logic_and"": 6, ""$mux"": 6}",ok,7,6-10,17,3,0,0,0,0,"{""$buf"": 1, ""$gt"": 3, ""$mux"": 3}",3.1429,,yes,
verilogeval,Prob056_ece241_2013_q7,e1_t0,VE_testbench/langgraph/.build_sample_e1_t0/samples/Prob056_ece241_2013_q7/sample_01.json,pass,ok,6,6-10,9,4,1,0,0,0,"{""$and"": 2, ""$dff"": 1, ""$not"": 2, ""$or"": 1}",ok,6,6-10,9,4,1,0,0,0,"{""$and"": 2, ""$dff"": 1, ""$not"": 2, ""$or"": 1}",1.0,1.0,yes,
verilogeval,Prob057_kmap2,e1_t0,VE_testbench/langgraph/.build_sample_e1_t0/samples/Prob057_kmap2/sample_01.json,fail_ts,ok,21,16+,25,4,0,0,0,0,"{""$and"": 12, ""$buf"": 1, ""$not"": 5, ""$or"": 3}",ok,14,11-15,18,4,0,0,0,0,"{""$and"": 6, ""$buf"": 1, ""$not"": 4, ""$or"": 3}",,,no,functional_status=fail_ts
verilogeval,Prob058_alwaysblock2,e1_t0,VE_testbench/langgraph/.build_sample_e1_t0/samples/Prob058_alwaysblock2/sample_01.json,pass,ok,6,6-10,9,3,1,0,0,0,"{""$buf"": 2, ""$dff"": 1, ""$xor"": 3}",ok,6,6-10,9,3,1,0,0,0,"{""$buf"": 2, ""$dff"": 1, ""$xor"": 3}",1.0,1.0,yes,
verilogeval,Prob059_wire4,e1_t0,VE_testbench/langgraph/.build_sample_e1_t0/samples/Prob059_wire4/sample_01.json,pass,ok,4,0-5,7,1,0,0,0,0,"{""$buf"": 4}",ok,1,0-5,7,1,0,0,0,0,"{""$buf"": 1}",4.0,,yes,
verilogeval,Prob060_m2014_q4k,e1_t0,VE_testbench/langgraph/.build_sample_e1_t0/samples/Prob060_m2014_q4k/sample_01.json,pass,ok,4,0-5,9,4,1,0,0,0,"{""$buf"": 1, ""$dff"": 1, ""$mux"": 1, ""$not"": 1}",ok,4,0-5,9,4,1,0,0,0,"{""$buf"": 1, ""$dff"": 1, ""$mux"": 1, ""$not"": 1}",1.0,1.0,yes,
verilogeval,Prob061_2014_q4a,e1_t0,VE_testbench/langgraph/.build_sample_e1_t0/samples/Prob061_2014_q4a/sample_01.json,pass,ok,4,0-5,14,2,1,0,0,0,"{""$dff"": 1, ""$mux"": 3}",ok,4,0-5,14,2,1,0,0,0,"{""$dff"": 1, ""$mux"": 3}",1.0,1.0,yes,
verilogeval,Prob062_bugs_mux2,e1_t0,VE_testbench/langgraph/.build_sample_e1_t0/samples/Prob062_bugs_mux2/sample_01.json,fail_ts,ok,2,0-5,7,2,0,0,0,0,"{""$buf"": 1, ""$mux"": 1}",ok,2,0-5,5,2,0,0,0,0,"{""$buf"": 1, ""$mux"": 1}",,,no,functional_status=fail_ts
verilogeval,Prob063_review2015_shiftcount,e1_t0,VE_testbench/langgraph/.build_sample_e1_t0/samples/Prob063_review2015_shiftcount/sample_01.json,pass,ok,16,16+,34,6,1,0,0,0,"{""$dff"": 1, ""$logic_and"": 1, ""$logic_not"": 2, ""$mux"": 10, ""$reduce_bool"": 1, ""$sub"": 1}",ok,5,0-5,14,3,1,0,0,0,"{""$dff"": 1, ""$mux"": 3, ""$sub"": 1}",3.2,1.0,yes,
verilogeval,Prob064_vector3,e1_t0,VE_testbench/langgraph/.build_sample_e1_t0/samples/Prob064_vector3/sample_01.json,pass,ok,1,0-5,10,1,0,0,0,0,"{""$buf"": 1}",ok,1,0-5,10,1,0,0,0,0,"{""$buf"": 1}",1.0,,yes,
verilogeval,Prob065_7420,e1_t0,VE_testbench/langgraph/.build_sample_e1_t0/samples/Prob065_7420/sample_01.json,pass,ok,10,6-10,18,3,0,0,0,0,"{""$and"": 6, ""$buf"": 2, ""$not"": 2}",ok,6,6-10,14,3,0,0,0,0,"{""$buf"": 2, ""$logic_not"": 2, ""$reduce_and"": 2}",1.6667,,yes,
verilogeval,Prob066_edgecapture,e1_t0,VE_testbench/langgraph/.build_sample_e1_t0/samples/Prob066_edgecapture/sample_01.json,fail_ts,ok,2,0-5,5,2,1,0,0,0,"{""$aldff"": 1, ""$logic_not"": 1}",ok,6,6-10,11,5,2,0,0,0,"{""$and"": 1, ""$dff"": 2, ""$mux"": 1, ""$not"": 1, ""$or"": 1}",,,no,functional_status=fail_ts
verilogeval,Prob067_countslow,e1_t0,VE_testbench/langgraph/.build_sample_e1_t0/samples/Prob067_countslow/sample_01.json,pass,ok,8,6-10,16,6,1,0,0,0,"{""$add"": 1, ""$dff"": 1, ""$eq"": 1, ""$logic_and"": 1, ""$logic_or"": 1, ""$mux"": 3}",ok,9,6-10,21,4,1,0,0,0,"{""$add"": 1, ""$dff"": 1, ""$eq"": 1, ""$mux"": 6}",0.8889,1.0,yes,
verilogeval,Prob068_countbcd,e1_t0,VE_testbench/langgraph/.build_sample_e1_t0/samples/Prob068_countbcd/sample_01.json,pass,ok,40,16+,60,6,1,0,0,0,"{""$add"": 4, ""$buf"": 4, ""$dff"": 1, ""$eq"": 10, ""$logic_and"": 3, ""$mux"": 18}",ok,34,16+,56,7,1,0,0,0,"{""$add"": 4, ""$buf"": 2, ""$dff"": 1, ""$eq"": 7, ""$logic_and"": 4, ""$logic_or"": 4, ""$mux"": 12}",1.1765,1.0,yes,
verilogeval,Prob069_truthtable1,e1_t0,VE_testbench/langgraph/.build_sample_e1_t0/samples/Prob069_truthtable1/sample_01.json,pass,ok,16,16+,19,4,0,0,0,0,"{""$and"": 8, ""$buf"": 1, ""$not"": 4, ""$or"": 3}",ok,16,16+,19,4,0,0,0,0,"{""$and"": 8, ""$buf"": 1, ""$not"": 4, ""$or"": 3}",1.0,,yes,
verilogeval,Prob070_ece241_2013_q2,e1_t0,VE_testbench/langgraph/.build_sample_e1_t0/samples/Prob070_ece241_2013_q2/sample_01.json,fail_ts,ok,14,11-15,18,4,0,0,0,0,"{""$and"": 5, ""$buf"": 2, ""$not"": 1, ""$or"": 6}",ok,24,16+,28,6,0,0,0,0,"{""$and"": 7, ""$buf"": 4, ""$eq"": 1, ""$mux"": 1, ""$not"": 6, ""$or"": 5}",,,no,functional_status=fail_ts
verilogeval,Prob071_always_casez,e1_t0,VE_testbench/langgraph/.build_sample_e1_t0/samples/Prob071_always_casez/sample_01.json,pass,ok,9,6-10,19,2,0,0,0,0,"{""$buf"": 1, ""$mux"": 8}",ok,9,6-10,19,2,0,0,0,0,"{""$buf"": 1, ""$mux"": 8}",1.0,,yes,
verilogeval,Prob072_thermostat,e1_t0,VE_testbench/langgraph/.build_sample_e1_t0/samples/Prob072_thermostat/sample_01.json,pass,ok,8,6-10,12,4,0,0,0,0,"{""$and"": 2, ""$buf"": 3, ""$not"": 1, ""$or"": 2}",ok,8,6-10,12,5,0,0,0,0,"{""$and"": 2, ""$buf"": 3, ""$mux"": 1, ""$not"": 1, ""$or"": 1}",1.0,,yes,
verilogeval,Prob073_dff16e,e1_t0,VE_testbench/langgraph/.build_sample_e1_t0/samples/Prob073_dff16e/sample_01.json,pass,ok,7,6-10,19,3,1,0,0,0,"{""$dff"": 1, ""$logic_not"": 1, ""$mux"": 5}",ok,7,6-10,19,3,1,0,0,0,"{""$dff"": 1, ""$logic_not"": 1, ""$mux"": 5}",1.0,1.0,yes,
verilogeval,Prob074_ece241_2014_q4,e1_t0,VE_testbench/langgraph/.build_sample_e1_t0/samples/Prob074_ece241_2014_q4/sample_01.json,fail_ts,ok,12,11-15,14,6,3,0,0,0,"{""$and"": 1, ""$buf"": 1, ""$dff"": 3, ""$not"": 3, ""$or"": 3, ""$xor"": 1}",ok,9,6-10,11,8,1,0,0,0,"{""$and"": 1, ""$buf"": 1, ""$dff"": 1, ""$logic_not"": 1, ""$not"": 2, ""$or"": 1, ""$reduce_or"": 1, ""$xor"": 1}",,,no,functional_status=fail_ts
verilogeval,Prob075_counter_2bc,e1_t0,VE_testbench/langgraph/.build_sample_e1_t0/samples/Prob075_counter_2bc/sample_01.json,pass,ok,11,11-15,20,6,1,0,0,0,"{""$add"": 1, ""$aldff"": 1, ""$eq"": 1, ""$logic_not"": 2, ""$mux"": 5, ""$sub"": 1}",ok,15,11-15,28,8,1,0,0,0,"{""$add"": 1, ""$aldff"": 1, ""$gt"": 1, ""$logic_and"": 2, ""$logic_not"": 2, ""$lt"": 1, ""$mux"": 6, ""$sub"": 1}",0.7333,1.0,yes,
verilogeval,Prob076_always_case,e1_t0,VE_testbench/langgraph/.build_sample_e1_t0/samples/Prob076_always_case/sample_01.json,pass,ok,8,6-10,16,4,0,0,0,0,"{""$buf"": 1, ""$eq"": 5, ""$logic_not"": 1, ""$pmux"": 1}",ok,8,6-10,16,4,0,0,0,0,"{""$buf"": 1, ""$eq"": 5, ""$logic_not"": 1, ""$pmux"": 1}",1.0,,yes,
verilogeval,Prob077_wire_decl,e1_t0,VE_testbench/langgraph/.build_sample_e1_t0/samples/Prob077_wire_decl/sample_01.json,pass,ok,9,6-10,13,4,0,0,0,0,"{""$and"": 2, ""$buf"": 4, ""$not"": 1, ""$or"": 2}",ok,8,6-10,12,4,0,0,0,0,"{""$and"": 2, ""$buf"": 4, ""$not"": 1, ""$or"": 1}",1.125,,yes,
verilogeval,Prob078_dualedge,e1_t0,VE_testbench/langgraph/.build_sample_e1_t0/samples/Prob078_dualedge/sample_01.json,pass,ok,6,6-10,10,4,2,0,0,0,"{""$buf"": 2, ""$dff"": 2, ""$mux"": 1, ""$not"": 1}",ok,4,0-5,6,3,2,0,0,0,"{""$buf"": 1, ""$dff"": 2, ""$mux"": 1}",1.5,1.0,yes,
verilogeval,Prob079_fsm3onehot,e1_t0,VE_testbench/langgraph/.build_sample_e1_t0/samples/Prob079_fsm3onehot/sample_01.json,pass,ok,13,11-15,16,4,0,0,0,0,"{""$buf"": 2, ""$eq"": 5, ""$mux"": 5, ""$pmux"": 1}",ok,15,11-15,14,4,0,0,0,0,"{""$and"": 4, ""$buf"": 5, ""$not"": 2, ""$or"": 4}",0.8667,,yes,
verilogeval,Prob080_timer,e1_t0,VE_testbench/langgraph/.build_sample_e1_t0/samples/Prob080_timer/sample_01.json,pass,ok,8,6-10,16,6,1,0,0,0,"{""$buf"": 1, ""$dff"": 1, ""$gt"": 1, ""$logic_not"": 1, ""$mux"": 3, ""$sub"": 1}",ok,8,6-10,16,6,1,0,0,0,"{""$buf"": 1, ""$dff"": 1, ""$logic_not"": 1, ""$mux"": 3, ""$reduce_bool"": 1, ""$sub"": 1}",1.0,1.0,yes,
verilogeval,Prob081_7458,e1_t0,VE_testbench/langgraph/.build_sample_e1_t0/samples/Prob081_7458/sample_01.json,pass,ok,14,11-15,24,3,0,0,0,0,"{""$and"": 6, ""$buf"": 6, ""$or"": 2}",ok,8,6-10,18,3,0,0,0,0,"{""$buf"": 2, ""$or"": 2, ""$reduce_and"": 4}",1.75,,yes,
verilogeval,Prob082_lfsr32,e1_t0,VE_testbench/langgraph/.build_sample_e1_t0/samples/Prob082_lfsr32/sample_01.json,fail_ts,error_other,,,,,,,,,{},ok,6,6-10,10,4,1,0,0,0,"{""$buf"": 1, ""$dff"": 1, ""$mux"": 1, ""$xor"": 3}",,,no,functional_status=fail_ts; gen_synth_status=error_other
verilogeval,Prob083_mt2015_q4b,e1_t0,VE_testbench/langgraph/.build_sample_e1_t0/samples/Prob083_mt2015_q4b/sample_01.json,pass,ok,3,0-5,5,3,0,0,0,0,"{""$buf"": 1, ""$not"": 1, ""$xor"": 1}",ok,3,0-5,5,3,0,0,0,0,"{""$buf"": 1, ""$not"": 1, ""$xor"": 1}",1.0,,yes,
verilogeval,Prob084_ece241_2013_q12,e1_t0,VE_testbench/langgraph/.build_sample_e1_t0/samples/Prob084_ece241_2013_q12/sample_01.json,pass,ok,13,11-15,22,6,1,0,0,0,"{""$buf"": 2, ""$dff"": 1, ""$eq"": 7, ""$logic_not"": 1, ""$mux"": 1, ""$pmux"": 1}",ok,6,6-10,14,5,1,0,0,0,"{""$bmux"": 1, ""$buf"": 1, ""$dff"": 1, ""$lt"": 1, ""$mux"": 2}",2.1667,1.0,yes,
verilogeval,Prob085_shift4,e1_t0,VE_testbench/langgraph/.build_sample_e1_t0/samples/Prob085_shift4/sample_01.json,pass,ok,5,0-5,16,3,1,0,0,0,"{""$aldff"": 1, ""$logic_not"": 1, ""$mux"": 3}",ok,5,0-5,15,3,1,0,0,0,"{""$aldff"": 1, ""$logic_not"": 1, ""$mux"": 3}",1.0,1.0,yes,
verilogeval,Prob086_lfsr5,e1_t0,VE_testbench/langgraph/.build_sample_e1_t0/samples/Prob086_lfsr5/sample_01.json,pass,ok,3,0-5,7,3,1,0,0,0,"{""$dff"": 1, ""$mux"": 1, ""$xor"": 1}",ok,4,0-5,8,4,1,0,0,0,"{""$buf"": 1, ""$dff"": 1, ""$mux"": 1, ""$xor"": 1}",0.75,1.0,yes,
verilogeval,Prob087_gates,e1_t0,VE_testbench/langgraph/.build_sample_e1_t0/samples/Prob087_gates/sample_01.json,pass,ok,17,16+,19,6,0,0,0,0,"{""$and"": 3, ""$buf"": 7, ""$not"": 3, ""$or"": 2, ""$xnor"": 1, ""$xor"": 1}",ok,17,16+,19,6,0,0,0,0,"{""$and"": 3, ""$buf"": 7, ""$not"": 3, ""$or"": 2, ""$xnor"": 1, ""$xor"": 1}",1.0,,yes,
verilogeval,Prob088_ece241_2014_q5b,e1_t0,VE_testbench/langgraph/.build_sample_e1_t0/samples/Prob088_ece241_2014_q5b/sample_01.json,pass,ok,21,16+,29,9,1,0,0,0,"{""$aldff"": 1, ""$buf"": 2, ""$eq"": 3, ""$logic_and"": 2, ""$logic_not"": 4, ""$logic_or"": 1, ""$mux"": 4, ""$not"": 3, ""$pmux"": 1}",ok,11,11-15,18,8,1,0,0,0,"{""$aldff"": 1, ""$buf"": 1, ""$logic_and"": 2, ""$logic_not"": 1, ""$mux"": 1, ""$not"": 3, ""$or"": 1, ""$pmux"": 1}",1.9091,1.0,yes,
verilogeval,Prob089_ece241_2014_q5a,e1_t0,VE_testbench/langgraph/.build_sample_e1_t0/samples/Prob089_ece241_2014_q5a/sample_01.json,fail_ts,ok,19,16+,38,5,2,0,0,0,"{""$aldff"": 2, ""$buf"": 1, ""$logic_not"": 4, ""$mux"": 10, ""$sub"": 2}",ok,11,11-15,15,6,1,0,0,0,"{""$aldff"": 1, ""$buf"": 1, ""$eq"": 3, ""$logic_not"": 2, ""$mux"": 3, ""$pmux"": 1}",,,no,functional_status=fail_ts
verilogeval,Prob090_circuit1,e1_t0,VE_testbench/langgraph/.build_sample_e1_t0/samples/Prob090_circuit1/sample_01.json,pass,ok,2,0-5,4,2,0,0,0,0,"{""$and"": 1, ""$buf"": 1}",ok,2,0-5,4,2,0,0,0,0,"{""$and"": 1, ""$buf"": 1}",1.0,,yes,
verilogeval,Prob091_2012_q2b,e1_t0,VE_testbench/langgraph/.build_sample_e1_t0/samples/Prob091_2012_q2b/sample_01.json,fail_ts,ok,2,0-5,4,1,0,0,0,0,"{""$buf"": 2}",ok,8,6-10,10,4,0,0,0,0,"{""$and"": 2, ""$buf"": 2, ""$not"": 1, ""$or"": 3}",,,no,functional_status=fail_ts
verilogeval,Prob092_gatesv100,e1_t0,VE_testbench/langgraph/.build_sample_e1_t0/samples/Prob092_gatesv100/sample_01.json,pass,ok,596,16+,302,4,0,0,0,0,"{""$and"": 99, ""$buf"": 298, ""$or"": 99, ""$xor"": 100}",ok,6,6-10,7,4,0,0,0,0,"{""$and"": 1, ""$buf"": 3, ""$or"": 1, ""$xor"": 1}",99.3333,,yes,
verilogeval,Prob093_ece241_2014_q3,e1_t0,VE_testbench/langgraph/.build_sample_e1_t0/samples/Prob093_ece241_2014_q3/sample_01.json,fail_ts,ok,12,11-15,11,3,0,0,0,0,"{""$and"": 4, ""$buf"": 4, ""$not"": 4}",ok,7,6-10,6,4,0,0,0,0,"{""$and"": 1, ""$buf"": 4, ""$not"": 1, ""$or"": 1}",,,no,functional_status=fail_ts
verilogeval,Prob094_gatesv,e1_t0,VE_testbench/langgraph/.build_sample_e1_t0/samples/Prob094_gatesv/sample_01.json,pass,ok,20,16+,14,4,0,0,0,0,"{""$and"": 3, ""$buf"": 10, ""$or"": 3, ""$xor"": 4}",ok,6,6-10,7,4,0,0,0,0,"{""$and"": 1, ""$buf"": 3, ""$or"": 1, ""$xor"": 1}",3.3333,,yes,
verilogeval,Prob095_review2015_fsmshift,e1_t0,VE_testbench/langgraph/.build_sample_e1_t0/samples/Prob095_review2015_fsmshift/sample_01.json,fail_ts,error_other,,,,,,,,,{},ok,17,16+,22,7,1,0,0,0,"{""$buf"": 2, ""$dff"": 1, ""$eq"": 7, ""$logic_not"": 2, ""$logic_or"": 3, ""$mux"": 1, ""$pmux"": 1}",,,no,functional_status=fail_ts; gen_synth_status=error_other
verilogeval,Prob096_review2015_fsmseq,e1_t0,VE_testbench/langgraph/.build_sample_e1_t0/samples/Prob096_review2015_fsmseq/sample_01.json,fail_ts,ok,24,16+,40,8,2,0,0,0,"{""$aldff"": 1, ""$buf"": 1, ""$dffe"": 1, ""$eq"": 7, ""$logic_not"": 3, ""$mux"": 9, ""$not"": 1, ""$pmux"": 1}",ok,15,11-15,21,6,1,0,0,0,"{""$buf"": 2, ""$dff"": 1, ""$eq"": 5, ""$logic_not"": 1, ""$mux"": 5, ""$pmux"": 1}",,,no,functional_status=fail_ts
verilogeval,Prob097_mux9to1v,e1_t0,VE_testbench/langgraph/.build_sample_e1_t0/samples/Prob097_mux9to1v/sample_01.json,pass,ok,11,11-15,22,4,0,0,0,0,"{""$buf"": 1, ""$eq"": 8, ""$logic_not"": 1, ""$pmux"": 1}",ok,11,11-15,22,4,0,0,0,0,"{""$buf"": 1, ""$eq"": 8, ""$logic_not"": 1, ""$pmux"": 1}",1.0,,yes,
verilogeval,Prob098_circuit7,e1_t0,VE_testbench/langgraph/.build_sample_e1_t0/samples/Prob098_circuit7/sample_01.json,pass,ok,3,0-5,7,3,1,0,0,0,"{""$dff"": 1, ""$mux"": 1, ""$not"": 1}",ok,2,0-5,4,2,1,0,0,0,"{""$dff"": 1, ""$not"": 1}",1.5,1.0,yes,
verilogeval,Prob099_m2014_q6c,e1_t0,VE_testbench/langgraph/.build_sample_e1_t0/samples/Prob099_m2014_q6c/sample_01.json,pass,ok,8,6-10,10,4,0,0,0,0,"{""$and"": 2, ""$buf"": 2, ""$not"": 1, ""$or"": 3}",ok,8,6-10,10,4,0,0,0,0,"{""$and"": 2, ""$buf"": 2, ""$not"": 1, ""$or"": 3}",1.0,,yes,
verilogeval,Prob100_fsm3comb,e1_t0,VE_testbench/langgraph/.build_sample_e1_t0/samples/Prob100_fsm3comb/sample_01.json,pass,ok,27,16+,40,6,0,0,0,0,"{""$buf"": 1, ""$eq"": 9, ""$logic_not"": 3, ""$mux"": 8, ""$not"": 4, ""$pmux"": 2}",ok,12,11-15,15,5,0,0,0,0,"{""$buf"": 2, ""$eq"": 4, ""$logic_not"": 1, ""$mux"": 4, ""$pmux"": 1}",2.25,,yes,
verilogeval,Prob101_circuit4,e1_t0,VE_testbench/langgraph/.build_sample_e1_t0/samples/Prob101_circuit4/sample_01.json,pass,ok,5,0-5,9,3,0,0,1,16,"{""$buf"": 3, ""$meminit"": 1, ""$memrd_v2"": 1}",ok,2,0-5,6,2,0,0,0,0,"{""$buf"": 1, ""$or"": 1}",2.5,,yes,
verilogeval,Prob102_circuit3,e1_t0,VE_testbench/langgraph/.build_sample_e1_t0/samples/Prob102_circuit3/sample_01.json,pass,ok,5,0-5,9,3,0,0,1,16,"{""$buf"": 3, ""$meminit"": 1, ""$memrd_v2"": 1}",ok,4,0-5,8,3,0,0,0,0,"{""$and"": 1, ""$buf"": 1, ""$or"": 2}",1.25,,yes,
verilogeval,Prob103_circuit2,e1_t0,VE_testbench/langgraph/.build_sample_e1_t0/samples/Prob103_circuit2/sample_01.json,pass,ok,97,16+,133,4,0,0,0,0,"{""$buf"": 1, ""$logic_and"": 48, ""$mux"": 16, ""$not"": 32}",ok,5,0-5,9,3,0,0,0,0,"{""$buf"": 1, ""$not"": 1, ""$xor"": 3}",19.4,,yes,
verilogeval,Prob104_mt2015_muxdff,e1_t0,VE_testbench/langgraph/.build_sample_e1_t0/samples/Prob104_mt2015_muxdff/sample_01.json,fail_ts,ok,2,0-5,8,2,1,0,0,0,"{""$dff"": 1, ""$mux"": 1}",ok,2,0-5,6,2,1,0,0,0,"{""$dff"": 1, ""$mux"": 1}",,,no,functional_status=fail_ts
verilogeval,Prob105_rotate100,e1_t0,VE_testbench/langgraph/.build_sample_e1_t0/samples/Prob105_rotate100/sample_01.json,pass,ok,6,6-10,14,4,1,0,0,0,"{""$dff"": 1, ""$eq"": 2, ""$mux"": 2, ""$pmux"": 1}",ok,9,6-10,22,3,1,0,0,0,"{""$dff"": 1, ""$eq"": 2, ""$mux"": 6}",0.6667,1.0,yes,
verilogeval,Prob106_always_nolatches,e1_t0,VE_testbench/langgraph/.build_sample_e1_t0/samples/Prob106_always_nolatches/sample_01.json,pass,ok,5,0-5,9,2,0,0,0,0,"{""$buf"": 1, ""$eq"": 4}",ok,9,6-10,17,3,0,0,0,0,"{""$buf"": 1, ""$eq"": 4, ""$mux"": 4}",0.5556,,yes,
verilogeval,Prob107_fsm1s,e1_t0,VE_testbench/langgraph/.build_sample_e1_t0/samples/Prob107_fsm1s/sample_01.json,pass,ok,17,16+,27,7,1,0,0,0,"{""$buf"": 2, ""$dff"": 1, ""$eq"": 3, ""$logic_not"": 2, ""$mux"": 6, ""$not"": 2, ""$pmux"": 1}",ok,8,6-10,16,5,1,0,0,0,"{""$buf"": 2, ""$dff"": 1, ""$mux"": 3, ""$not"": 1, ""$pmux"": 1}",2.125,1.0,yes,
verilogeval,Prob108_rule90,e1_t0,VE_testbench/langgraph/.build_sample_e1_t0/samples/Prob108_rule90/sample_01.json,pass,ok,512,16+,517,3,1,0,0,0,"{""$dff"": 1, ""$mux"": 1, ""$xor"": 510}",ok,3,0-5,8,3,1,0,0,0,"{""$dff"": 1, ""$mux"": 1, ""$xor"": 1}",170.6667,1.0,yes,
verilogeval,Prob109_fsm1,e1_t0,VE_testbench/langgraph/.build_sample_e1_t0/samples/Prob109_fsm1/sample_01.json,pass,ok,26,16+,37,8,1,2,0,0,"{""$aldff"": 1, ""$buf"": 1, ""$dlatch"": 2, ""$eq"": 4, ""$logic_not"": 6, ""$mux"": 7, ""$not"": 2, ""$pmux"": 3}",ok,8,6-10,14,6,1,0,0,0,"{""$aldff"": 1, ""$buf"": 2, ""$logic_not"": 1, ""$mux"": 2, ""$not"": 1, ""$pmux"": 1}",3.25,1.0,yes,
verilogeval,Prob110_fsm2,e1_t0,VE_testbench/langgraph/.build_sample_e1_t0/samples/Prob110_fsm2/sample_01.json,pass,ok,17,16+,26,6,1,0,0,0,"{""$aldff"": 1, ""$buf"": 2, ""$logic_and"": 4, ""$logic_not"": 1, ""$mux"": 5, ""$not"": 4}",ok,8,6-10,15,6,1,0,0,0,"{""$aldff"": 1, ""$buf"": 2, ""$logic_not"": 1, ""$mux"": 2, ""$not"": 1, ""$pmux"": 1}",2.125,1.0,yes,
verilogeval,Prob111_fsm2s,e1_t0,VE_testbench/langgraph/.build_sample_e1_t0/samples/Prob111_fsm2s/sample_01.json,pass,ok,17,16+,28,7,1,0,0,0,"{""$buf"": 2, ""$dff"": 1, ""$eq"": 3, ""$logic_not"": 2, ""$mux"": 6, ""$not"": 2, ""$pmux"": 1}",ok,8,6-10,17,5,1,0,0,0,"{""$buf"": 2, ""$dff"": 1, ""$mux"": 3, ""$not"": 1, ""$pmux"": 1}",2.125,1.0,yes,
verilogeval,Prob112_always_case2,e1_t0,VE_testbench/langgraph/.build_sample_e1_t0/samples/Prob112_always_case2/sample_01.json,pass,ok,5,0-5,7,3,0,0,0,0,"{""$buf"": 1, ""$eq"": 3, ""$pmux"": 1}",ok,3,0-5,4,3,0,0,1,32,"{""$buf"": 1, ""$meminit"": 1, ""$memrd_v2"": 1}",1.6667,,yes,
verilogeval,Prob113_2012_q1g,e1_t0,VE_testbench/langgraph/.build_sample_e1_t0/samples/Prob113_2012_q1g/sample_01.json,fail_ts,ok,12,11-15,17,4,0,0,0,0,"{""$buf"": 1, ""$logic_and"": 4, ""$logic_or"": 3, ""$not"": 4}",ok,3,0-5,4,3,0,0,1,16,"{""$buf"": 1, ""$meminit"": 1, ""$memrd_v2"": 1}",,,no,functional_status=fail_ts
verilogeval,Prob114_bugs_case,e1_t0,VE_testbench/langgraph/.build_sample_e1_t0/samples/Prob114_bugs_case/sample_01.json,pass,ok,30,16+,33,4,0,0,0,0,"{""$buf"": 1, ""$eq"": 19, ""$logic_or"": 9, ""$pmux"": 1}",ok,22,16+,26,3,0,0,0,0,"{""$buf"": 1, ""$eq"": 19, ""$pmux"": 2}",1.3636,,yes,
verilogeval,Prob115_shift18,e1_t0,VE_testbench/langgraph/.build_sample_e1_t0/samples/Prob115_shift18/sample_01.json,pass,ok,11,11-15,28,5,1,0,0,0,"{""$dff"": 1, ""$eq"": 3, ""$logic_not"": 1, ""$mux"": 5, ""$pmux"": 1}",ok,11,11-15,24,5,1,0,0,0,"{""$dff"": 1, ""$eq"": 3, ""$logic_not"": 1, ""$mux"": 5, ""$pmux"": 1}",1.0,1.0,yes,
verilogeval,Prob116_m2014_q3,e1_t0,VE_testbench/langgraph/.build_sample_e1_t0/samples/Prob116_m2014_q3/sample_01.json,fail_ts,ok,13,11-15,18,4,0,0,0,0,"{""$buf"": 1, ""$logic_and"": 4, ""$mux"": 4, ""$not"": 4}",ok,3,0-5,4,3,0,0,1,16,"{""$buf"": 1, ""$meminit"": 1, ""$memrd_v2"": 1}",,,no,functional_status=fail_ts
verilogeval,Prob117_circuit9,e1_t0,VE_testbench/langgraph/.build_sample_e1_t0/samples/Prob117_circuit9/sample_01.json,pass,ok,6,6-10,14,4,1,0,0,0,"{""$add"": 1, ""$dff"": 1, ""$eq"": 1, ""$mux"": 3}",ok,6,6-10,13,4,1,0,0,0,"{""$add"": 1, ""$dff"": 1, ""$eq"": 1, ""$mux"": 3}",1.0,1.0,yes,
verilogeval,Prob118_history_shift,e1_t0,VE_testbench/langgraph/.build_sample_e1_t0/samples/Prob118_history_shift/sample_01.json,pass,ok,6,6-10,18,4,1,0,0,0,"{""$aldff"": 1, ""$buf"": 1, ""$logic_not"": 1, ""$mux"": 3}",ok,5,0-5,17,3,1,0,0,0,"{""$aldff"": 1, ""$logic_not"": 1, ""$mux"": 3}",1.2,1.0,yes,
verilogeval,Prob119_fsm3,e1_t0,VE_testbench/langgraph/.build_sample_e1_t0/samples/Prob119_fsm3/sample_01.json,pass,ok,18,16+,22,7,1,0,0,0,"{""$aldff"": 1, ""$buf"": 1, ""$eq"": 4, ""$logic_not"": 2, ""$mux"": 5, ""$not"": 4, ""$pmux"": 1}",ok,14,11-15,18,6,1,0,0,0,"{""$aldff"": 1, ""$buf"": 2, ""$eq"": 4, ""$logic_not"": 2, ""$mux"": 4, ""$pmux"": 1}",1.2857,1.0,yes,
verilogeval,Prob120_fsm3s,e1_t0,VE_testbench/langgraph/.build_sample_e1_t0/samples/Prob120_fsm3s/sample_01.json,pass,ok,19,16+,26,7,1,0,0,0,"{""$buf"": 1, ""$dff"": 1, ""$eq"": 4, ""$logic_not"": 1, ""$mux"": 7, ""$not"": 4, ""$pmux"": 1}",ok,14,11-15,20,6,1,0,0,0,"{""$buf"": 2, ""$dff"": 1, ""$eq"": 4, ""$logic_not"": 1, ""$mux"": 5, ""$pmux"": 1}",1.3571,1.0,yes,
verilogeval,Prob121_2014_q3bfsm,e1_t0,VE_testbench/langgraph/.build_sample_e1_t0/samples/Prob121_2014_q3bfsm/sample_01.json,pass,ok,33,16+,43,6,1,1,0,0,"{""$dff"": 1, ""$dlatch"": 1, ""$eq"": 16, ""$logic_not"": 4, ""$mux"": 7, ""$pmux"": 4}",ok,18,16+,24,7,1,0,0,0,"{""$buf"": 2, ""$dff"": 1, ""$eq"": 6, ""$logic_not"": 1, ""$logic_or"": 1, ""$mux"": 6, ""$pmux"": 1}",1.8333,1.0,yes,
verilogeval,Prob122_kmap4,e1_t0,VE_testbench/langgraph/.build_sample_e1_t0/samples/Prob122_kmap4/sample_01.json,pass,ok,3,0-5,7,3,0,0,1,16,"{""$buf"": 1, ""$meminit"": 1, ""$memrd_v2"": 1}",ok,3,0-5,7,3,0,0,1,16,"{""$buf"": 1, ""$meminit"": 1, ""$memrd_v2"": 1}",1.0,,yes,
verilogeval,Prob123_bugs_addsubz,e1_t0,VE_testbench/langgraph/.build_sample_e1_t0/samples/Prob123_bugs_addsubz/sample_01.json,pass,ok,8,6-10,16,8,0,0,0,0,"{""$add"": 1, ""$buf"": 1, ""$logic_not"": 1, ""$mux"": 1, ""$not"": 1, ""$pmux"": 1, ""$reduce_or"": 1, ""$sub"": 1}",ok,6,6-10,12,6,0,0,0,0,"{""$add"": 1, ""$buf"": 1, ""$logic_not"": 1, ""$not"": 1, ""$pmux"": 1, ""$sub"": 1}",1.3333,,yes,
verilogeval,Prob124_rule110,e1_t0,VE_testbench/langgraph/.build_sample_e1_t0/samples/Prob124_rule110/sample_01.json,fail_ts,ok,3,0-5,8,3,1,0,0,0,"{""$dff"": 1, ""$mux"": 1, ""$not"": 1}",ok,16,16+,21,5,1,0,0,0,"{""$and"": 6, ""$dff"": 1, ""$mux"": 1, ""$not"": 6, ""$or"": 2}",,,no,functional_status=fail_ts
verilogeval,Prob125_kmap3,e1_t0,VE_testbench/langgraph/.build_sample_e1_t0/samples/Prob125_kmap3/sample_01.json,fail_ts,ok,3,0-5,7,3,0,0,1,16,"{""$buf"": 1, ""$meminit"": 1, ""$memrd_v2"": 1}",ok,3,0-5,7,3,0,0,1,16,"{""$buf"": 1, ""$meminit"": 1, ""$memrd_v2"": 1}",,,no,functional_status=fail_ts
verilogeval,Prob126_circuit6,e1_t0,VE_testbench/langgraph/.build_sample_e1_t0/samples/Prob126_circuit6/sample_01.json,pass,ok,3,0-5,4,3,0,0,1,128,"{""$buf"": 1, ""$meminit"": 1, ""$memrd_v2"": 1}",ok,3,0-5,4,3,0,0,1,128,"{""$buf"": 1, ""$meminit"": 1, ""$memrd_v2"": 1}",1.0,,yes,
verilogeval,Prob127_lemmings1,e1_t0,VE_testbench/langgraph/.build_sample_e1_t0/samples/Prob127_lemmings1/sample_01.json,pass,ok,17,16+,26,6,1,0,0,0,"{""$aldff"": 1, ""$buf"": 2, ""$eq"": 3, ""$logic_not"": 4, ""$mux"": 6, ""$pmux"": 1}",ok,10,6-10,17,6,1,0,0,0,"{""$aldff"": 1, ""$buf"": 3, ""$logic_not"": 1, ""$mux"": 2, ""$not"": 2, ""$pmux"": 1}",1.7,1.0,yes,
verilogeval,Prob128_fsm_ps2,e1_t0,VE_testbench/langgraph/.build_sample_e1_t0/samples/Prob128_fsm_ps2/sample_01.json,fail_ts,ok,33,16+,56,7,2,0,0,0,"{""$add"": 1, ""$buf"": 1, ""$dff"": 2, ""$eq"": 5, ""$logic_not"": 5, ""$mux"": 17, ""$pmux"": 2}",ok,13,11-15,19,6,1,0,0,0,"{""$buf"": 3, ""$dff"": 1, ""$eq"": 4, ""$logic_not"": 1, ""$mux"": 3, ""$pmux"": 1}",,,no,functional_status=fail_ts
verilogeval,Prob129_ece241_2013_q8,e1_t0,VE_testbench/langgraph/.build_sample_e1_t0/samples/Prob129_ece241_2013_q8/sample_01.json,pass,ok,20,16+,34,8,1,0,0,0,"{""$aldff"": 1, ""$buf"": 2, ""$eq"": 5, ""$logic_and"": 1, ""$logic_not"": 3, ""$mux"": 6, ""$not"": 1, ""$pmux"": 1}",ok,15,11-15,21,6,1,0,0,0,"{""$aldff"": 1, ""$buf"": 2, ""$eq"": 4, ""$logic_not"": 3, ""$mux"": 3, ""$pmux"": 2}",1.3333,1.0,yes,
verilogeval,Prob130_circuit5,e1_t0,VE_testbench/langgraph/.build_sample_e1_t0/samples/Prob130_circuit5/sample_01.json,pass,ok,6,6-10,12,4,0,0,0,0,"{""$buf"": 1, ""$eq"": 3, ""$logic_not"": 1, ""$pmux"": 1}",ok,6,6-10,12,4,0,0,0,0,"{""$buf"": 1, ""$eq"": 3, ""$logic_not"": 1, ""$pmux"": 1}",1.0,,yes,
verilogeval,Prob131_mt2015_q4,e1_t0,VE_testbench/langgraph/.build_sample_e1_t0/samples/Prob131_mt2015_q4/sample_01.json,pass,ok,15,11-15,17,5,0,0,0,0,"{""$and"": 4, ""$buf"": 5, ""$not"": 2, ""$or"": 2, ""$xor"": 2}",ok,3,0-5,5,3,0,0,0,0,"{""$buf"": 1, ""$not"": 1, ""$or"": 1}",5.0,,yes,
verilogeval,Prob132_always_if2,e1_t0,VE_testbench/langgraph/.build_sample_e1_t0/samples/Prob132_always_if2/sample_01.json,pass,ok,6,6-10,13,4,0,0,0,0,"{""$buf"": 2, ""$logic_not"": 1, ""$mux"": 2, ""$not"": 1}",ok,6,6-10,13,4,0,0,0,0,"{""$buf"": 2, ""$logic_not"": 1, ""$mux"": 2, ""$not"": 1}",1.0,,yes,
verilogeval,Prob133_2014_q3fsm,e1_t0,VE_testbench/langgraph/.build_sample_e1_t0/samples/Prob133_2014_q3fsm/sample_01.json,fail_ts,ok,6,6-10,16,4,1,0,0,0,"{""$aldff"": 1, ""$logic_not"": 1, ""$mux"": 3, ""$not"": 1}",ok,21,16+,28,6,1,0,0,0,"{""$buf"": 2, ""$dff"": 1, ""$eq"": 8, ""$logic_not"": 1, ""$mux"": 8, ""$pmux"": 1}",,,no,functional_status=fail_ts
verilogeval,Prob134_2014_q3c,e1_t0,VE_testbench/langgraph/.build_sample_e1_t0/samples/Prob134_2014_q3c/sample_01.json,fail_ts,ok,31,16+,46,6,2,0,0,0,"{""$dff"": 2, ""$eq"": 10, ""$logic_not"": 2, ""$mux"": 10, ""$not"": 5, ""$pmux"": 2}",ok,9,6-10,14,6,0,0,1,16,"{""$buf"": 1, ""$eq"": 4, ""$logic_not"": 1, ""$meminit"": 1, ""$memrd_v2"": 1, ""$pmux"": 1}",,,no,functional_status=fail_ts
verilogeval,Prob135_m2014_q6b,e1_t0,VE_testbench/langgraph/.build_sample_e1_t0/samples/Prob135_m2014_q6b/sample_01.json,fail_ts,ok,6,6-10,9,4,0,0,0,0,"{""$buf"": 1, ""$eq"": 3, ""$logic_not"": 1, ""$pmux"": 1}",ok,3,0-5,5,3,0,0,1,16,"{""$buf"": 1, ""$meminit"": 1, ""$memrd_v2"": 1}",,,no,functional_status=fail_ts
verilogeval,Prob136_m2014_q6,e1_t0,VE_testbench/langgraph/.build_sample_e1_t0/samples/Prob136_m2014_q6/sample_01.json,pass,ok,50,16+,61,8,1,0,0,0,"{""$buf"": 2, ""$dff"": 1, ""$eq"": 12, ""$logic_and"": 12, ""$logic_not"": 2, ""$logic_or"": 1, ""$mux"": 14, ""$not"": 6}",ok,20,16+,26,7,1,0,0,0,"{""$buf"": 2, ""$dff"": 1, ""$eq"": 7, ""$logic_not"": 1, ""$logic_or"": 1, ""$mux"": 7, ""$pmux"": 1}",2.5,1.0,yes,
verilogeval,Prob137_fsm_serial,e1_t0,VE_testbench/langgraph/.build_sample_e1_t0/samples/Prob137_fsm_serial/sample_01.json,fail_ts,ok,24,16+,36,7,1,0,0,0,"{""$aldff"": 1, ""$buf"": 1, ""$eq"": 7, ""$logic_not"": 3, ""$mux"": 9, ""$not"": 2, ""$pmux"": 1}",ok,22,16+,28,6,1,0,0,0,"{""$buf"": 2, ""$dff"": 1, ""$eq"": 12, ""$logic_not"": 1, ""$mux"": 5, ""$pmux"": 1}",,,no,functional_status=fail_ts
verilogeval,Prob138_2012_q2fsm,e1_t0,VE_testbench/langgraph/.build_sample_e1_t0/samples/Prob138_2012_q2fsm/sample_01.json,pass,ok,20,16+,32,7,1,0,0,0,"{""$buf"": 2, ""$dff"": 1, ""$eq"": 7, ""$logic_not"": 1, ""$logic_or"": 1, ""$mux"": 7, ""$pmux"": 1}",ok,20,16+,26,7,1,0,0,0,"{""$buf"": 2, ""$dff"": 1, ""$eq"": 7, ""$logic_not"": 1, ""$logic_or"": 1, ""$mux"": 7, ""$pmux"": 1}",1.0,1.0,yes,
verilogeval,Prob139_2013_q2bfsm,e1_t0,VE_testbench/langgraph/.build_sample_e1_t0/samples/Prob139_2013_q2bfsm/sample_01.json,fail_ts,ok,10,6-10,33,4,2,0,0,0,"{""$aldff"": 2, ""$logic_not"": 1, ""$mux"": 5, ""$not"": 2}",ok,27,16+,34,8,1,0,0,0,"{""$buf"": 3, ""$dff"": 1, ""$eq"": 12, ""$logic_not"": 1, ""$logic_or"": 2, ""$mux"": 6, ""$not"": 1, ""$pmux"": 1}",,,no,functional_status=fail_ts
verilogeval,Prob140_fsm_hdlc,e1_t0,VE_testbench/langgraph/.build_sample_e1_t0/samples/Prob140_fsm_hdlc/sample_01.json,fail_ts,ok,31,16+,48,7,1,0,0,0,"{""$buf"": 3, ""$dff"": 1, ""$eq"": 8, ""$logic_not"": 2, ""$mux"": 14, ""$not"": 2, ""$pmux"": 1}",ok,30,16+,36,6,1,0,0,0,"{""$buf"": 4, ""$dff"": 1, ""$eq"": 12, ""$logic_not"": 1, ""$mux"": 11, ""$pmux"": 1}",,,no,functional_status=fail_ts
verilogeval,Prob141_count_clock,e1_t0,VE_testbench/langgraph/.build_sample_e1_t0/samples/Prob141_count_clock/sample_01.json,fail_ts,ok,52,16+,112,5,4,0,0,0,"{""$add"": 3, ""$dff"": 4, ""$eq"": 3, ""$mux"": 41, ""$not"": 1}",ok,90,16+,174,7,4,0,0,0,"{""$add"": 6, ""$buf"": 1, ""$dff"": 4, ""$eq"": 12, ""$logic_and"": 6, ""$mux"": 60, ""$not"": 1}",,,no,functional_status=fail_ts
verilogeval,Prob142_lemmings2,e1_t0,VE_testbench/langgraph/.build_sample_e1_t0/samples/Prob142_lemmings2/sample_01.json,pass,ok,37,16+,57,7,1,0,0,0,"{""$aldff"": 1, ""$buf"": 3, ""$eq"": 10, ""$logic_not"": 7, ""$logic_or"": 1, ""$mux"": 14, ""$pmux"": 1}",ok,22,16+,28,7,1,0,0,0,"{""$aldff"": 1, ""$buf"": 4, ""$eq"": 6, ""$logic_not"": 3, ""$logic_or"": 1, ""$mux"": 6, ""$pmux"": 1}",1.6818,1.0,yes,
verilogeval,Prob143_fsm_onehot,e1_t0,VE_testbench/langgraph/.build_sample_e1_t0/samples/Prob143_fsm_onehot/sample_01.json,fail_ts,ok,12,11-15,14,5,0,0,0,0,"{""$and"": 2, ""$buf"": 3, ""$mux"": 1, ""$not"": 4, ""$or"": 2}",ok,34,16+,27,5,0,0,0,0,"{""$buf"": 12, ""$logic_and"": 10, ""$logic_not"": 3, ""$or"": 8, ""$reduce_or"": 1}",,,no,functional_status=fail_ts
verilogeval,Prob144_conwaylife,e1_t0,VE_testbench/langgraph/.build_sample_e1_t0/samples/Prob144_conwaylife/sample_01.json,fail_ts,error_other,,,,,,,,,{},ok,2307,16+,2568,6,1,0,0,0,"{""$add"": 1792, ""$buf"": 1, ""$dff"": 1, ""$eq"": 256, ""$mux"": 1, ""$or"": 256}",,,no,functional_status=fail_ts; gen_synth_status=error_other
verilogeval,Prob145_circuit8,e1_t0,VE_testbench/langgraph/.build_sample_e1_t0/samples/Prob145_circuit8/sample_01.json,fail_ts,ok,6,6-10,12,3,2,0,0,0,"{""$dff"": 2, ""$mux"": 2, ""$not"": 2}",ok,5,0-5,13,3,1,1,0,0,"{""$dff"": 1, ""$dlatch"": 1, ""$mux"": 3}",,,no,functional_status=fail_ts
verilogeval,Prob146_fsm_serialdata,e1_t0,VE_testbench/langgraph/.build_sample_e1_t0/samples/Prob146_fsm_serialdata/sample_01.json,fail_ts,ok,42,16+,58,12,4,0,0,0,"{""$add"": 1, ""$aldff"": 4, ""$buf"": 2, ""$bwmux"": 1, ""$demux"": 2, ""$eq"": 9, ""$ge"": 1, ""$logic_and"": 1, ""$logic_not"": 6, ""$lt"": 1, ""$mux"": 12, ""$pmux"": 2}",ok,25,16+,31,6,2,0,0,0,"{""$buf"": 3, ""$dff"": 2, ""$eq"": 12, ""$logic_not"": 1, ""$mux"": 6, ""$pmux"": 1}",,,no,functional_status=fail_ts
verilogeval,Prob147_circuit10,e1_t0,VE_testbench/langgraph/.build_sample_e1_t0/samples/Prob147_circuit10/sample_01.json,fail_ts,ok,5,0-5,10,4,1,0,0,0,"{""$buf"": 2, ""$dff"": 1, ""$mux"": 1, ""$not"": 1}",ok,10,6-10,13,5,1,0,0,0,"{""$and"": 3, ""$buf"": 2, ""$dff"": 1, ""$or"": 2, ""$xor"": 2}",,,no,functional_status=fail_ts
verilogeval,Prob148_2013_q2afsm,e1_t0,VE_testbench/langgraph/.build_sample_e1_t0/samples/Prob148_2013_q2afsm/sample_01.json,pass,ok,39,16+,58,6,1,0,0,0,"{""$buf"": 4, ""$dff"": 1, ""$eq"": 9, ""$logic_not"": 8, ""$mux"": 16, ""$pmux"": 1}",ok,30,16+,43,7,1,0,0,0,"{""$buf"": 4, ""$dff"": 1, ""$eq"": 6, ""$logic_not"": 4, ""$mux"": 13, ""$not"": 1, ""$pmux"": 1}",1.3,1.0,yes,
verilogeval,Prob149_ece241_2013_q4,e1_t0,VE_testbench/langgraph/.build_sample_e1_t0/samples/Prob149_ece241_2013_q4/sample_01.json,fail_ts,ok,19,16+,26,5,4,0,0,0,"{""$aldff"": 4, ""$eq"": 10, ""$logic_not"": 1, ""$mux"": 1, ""$pmux"": 3}",ok,29,16+,39,6,1,0,0,0,"{""$buf"": 3, ""$dff"": 1, ""$eq"": 10, ""$logic_not"": 2, ""$mux"": 11, ""$pmux"": 2}",,,no,functional_status=fail_ts
verilogeval,Prob150_review2015_fsmonehot,e1_t0,VE_testbench/langgraph/.build_sample_e1_t0/samples/Prob150_review2015_fsmonehot/sample_01.json,fail_ts,ok,9,6-10,13,2,0,0,0,0,"{""$buf"": 8, ""$or"": 1}",ok,27,16+,31,5,0,0,0,0,"{""$and"": 8, ""$buf"": 8, ""$not"": 5, ""$or"": 5, ""$reduce_or"": 1}",,,no,functional_status=fail_ts
verilogeval,Prob151_review2015_fsm,e1_t0,VE_testbench/langgraph/.build_sample_e1_t0/samples/Prob151_review2015_fsm/sample_01.json,fail_ts,ok,44,16+,80,6,4,0,0,0,"{""$aldff"": 4, ""$eq"": 14, ""$logic_not"": 5, ""$mux"": 17, ""$not"": 1, ""$pmux"": 3}",ok,38,16+,60,9,1,0,0,0,"{""$buf"": 2, ""$dff"": 1, ""$eq"": 15, ""$eqx"": 1, ""$logic_not"": 1, ""$logic_or"": 3, ""$mux"": 13, ""$pmux"": 1, ""$reduce_or"": 1}",,,no,functional_status=fail_ts
verilogeval,Prob152_lemmings3,e1_t0,VE_testbench/langgraph/.build_sample_e1_t0/samples/Prob152_lemmings3/sample_01.json,pass,ok,64,16+,97,8,1,0,0,0,"{""$aldff"": 1, ""$buf"": 5, ""$eq"": 17, ""$logic_and"": 2, ""$logic_not"": 10, ""$logic_or"": 2, ""$mux"": 26, ""$pmux"": 1}",ok,52,16+,77,7,1,0,0,0,"{""$aldff"": 1, ""$buf"": 5, ""$eq"": 13, ""$logic_not"": 8, ""$logic_or"": 2, ""$mux"": 22, ""$pmux"": 1}",1.2308,1.0,yes,
verilogeval,Prob153_gshare,e1_t0,VE_testbench/langgraph/.build_sample_e1_t0/samples/Prob153_gshare/sample_01.json,fail_ts,ok,152,16+,41,11,129,0,0,0,"{""$aldff"": 129, ""$bmux"": 2, ""$buf"": 2, ""$bwmux"": 1, ""$demux"": 2, ""$ge"": 1, ""$logic_and"": 1, ""$logic_not"": 1, ""$lt"": 3, ""$mux"": 7, ""$xor"": 3}",ok,184,16+,82,14,129,0,0,0,"{""$add"": 1, ""$aldff"": 129, ""$bmux"": 5, ""$buf"": 4, ""$bwmux"": 2, ""$demux"": 4, ""$ge"": 2, ""$gt"": 1, ""$logic_and"": 4, ""$logic_not"": 2, ""$lt"": 8, ""$mux"": 19, ""$sub"": 1, ""$xor"": 2}",,,no,functional_status=fail_ts
verilogeval,Prob154_fsm_ps2data,e1_t0,VE_testbench/langgraph/.build_sample_e1_t0/samples/Prob154_fsm_ps2data/sample_01.json,fail_ts,ok,14,11-15,24,6,2,0,0,0,"{""$aldff"": 2, ""$buf"": 2, ""$logic_and"": 2, ""$logic_not"": 1, ""$mux"": 4, ""$reduce_bool"": 3}",ok,16,16+,22,6,2,0,0,0,"{""$buf"": 4, ""$dff"": 2, ""$eq"": 4, ""$logic_not"": 1, ""$mux"": 4, ""$pmux"": 1}",,,no,functional_status=fail_ts
verilogeval,Prob155_lemmings4,e1_t0,VE_testbench/langgraph/.build_sample_e1_t0/samples/Prob155_lemmings4/sample_01.json,fail_ts,ok,68,16+,103,9,2,0,0,0,"{""$add"": 1, ""$aldff"": 2, ""$buf"": 4, ""$eq"": 21, ""$ge"": 1, ""$logic_and"": 2, ""$logic_not"": 4, ""$mux"": 31, ""$pmux"": 2}",ok,66,16+,96,11,2,0,0,0,"{""$add"": 1, ""$aldff"": 1, ""$buf"": 5, ""$dff"": 1, ""$eq"": 16, ""$ge"": 2, ""$logic_not"": 8, ""$logic_or"": 3, ""$lt"": 1, ""$mux"": 27, ""$pmux"": 1}",,,no,functional_status=fail_ts
verilogeval,Prob156_review2015_fancytimer,e1_t0,VE_testbench/langgraph/.build_sample_e1_t0/samples/Prob156_review2015_fancytimer/sample_01.json,fail_ts,ok,32,16+,70,7,4,0,0,0,"{""$add"": 1, ""$aldff"": 4, ""$buf"": 1, ""$logic_and"": 1, ""$logic_not"": 2, ""$lt"": 1, ""$mux"": 22}",ok,58,16+,89,12,3,0,0,0,"{""$add"": 1, ""$buf"": 4, ""$dff"": 3, ""$eq"": 18, ""$eqx"": 1, ""$logic_and"": 2, ""$logic_not"": 3, ""$logic_or"": 3, ""$mux"": 20, ""$pmux"": 1, ""$reduce_or"": 1, ""$sub"": 1}",,,no,functional_status=fail_ts
verilogeval,Prob001_zero,e1_t8,VE_testbench/langgraph/.build_sample_e1_t8/samples/Prob001_zero/sample_01.json,pass,ok,1,0-5,1,1,0,0,0,0,"{""$buf"": 1}",ok,1,0-5,1,1,0,0,0,0,"{""$buf"": 1}",1.0,,yes,
verilogeval,Prob002_m2014_q4i,e1_t8,VE_testbench/langgraph/.build_sample_e1_t8/samples/Prob002_m2014_q4i/sample_01.json,pass,ok,1,0-5,1,1,0,0,0,0,"{""$buf"": 1}",ok,1,0-5,1,1,0,0,0,0,"{""$buf"": 1}",1.0,,yes,
verilogeval,Prob003_step_one,e1_t8,VE_testbench/langgraph/.build_sample_e1_t8/samples/Prob003_step_one/sample_01.json,pass,ok,1,0-5,1,1,0,0,0,0,"{""$buf"": 1}",ok,1,0-5,1,1,0,0,0,0,"{""$buf"": 1}",1.0,,yes,
verilogeval,Prob004_vector2,e1_t8,VE_testbench/langgraph/.build_sample_e1_t8/samples/Prob004_vector2/sample_01.json,pass,ok,4,0-5,2,1,0,0,0,0,"{""$buf"": 4}",ok,1,0-5,2,1,0,0,0,0,"{""$buf"": 1}",4.0,,yes,
verilogeval,Prob005_notgate,e1_t8,VE_testbench/langgraph/.build_sample_e1_t8/samples/Prob005_notgate/sample_01.json,pass,ok,2,0-5,3,2,0,0,0,0,"{""$buf"": 1, ""$not"": 1}",ok,2,0-5,3,2,0,0,0,0,"{""$buf"": 1, ""$not"": 1}",1.0,,yes,
verilogeval,Prob006_vectorr,e1_t8,VE_testbench/langgraph/.build_sample_e1_t8/samples/Prob006_vectorr/sample_01.json,pass,ok,8,6-10,2,1,0,0,0,0,"{""$buf"": 8}",ok,1,0-5,2,1,0,0,0,0,"{""$buf"": 1}",8.0,,yes,
verilogeval,Prob007_wire,e1_t8,VE_testbench/langgraph/.build_sample_e1_t8/samples/Prob007_wire/sample_01.json,pass,ok,1,0-5,2,1,0,0,0,0,"{""$buf"": 1}",ok,1,0-5,2,1,0,0,0,0,"{""$buf"": 1}",1.0,,yes,
verilogeval,Prob008_m2014_q4h,e1_t8,VE_testbench/langgraph/.build_sample_e1_t8/samples/Prob008_m2014_q4h/sample_01.json,pass,ok,1,0-5,2,1,0,0,0,0,"{""$buf"": 1}",ok,1,0-5,2,1,0,0,0,0,"{""$buf"": 1}",1.0,,yes,
verilogeval,Prob009_popcount3,e1_t8,VE_testbench/langgraph/.build_sample_e1_t8/samples/Prob009_popcount3/sample_01.json,pass,ok,9,6-10,9,4,0,0,0,0,"{""$and"": 3, ""$buf"": 2, ""$or"": 2, ""$xor"": 2}",ok,3,0-5,4,2,0,0,0,0,"{""$add"": 2, ""$buf"": 1}",3.0,,yes,
verilogeval,Prob010_mt2015_q4a,e1_t8,VE_testbench/langgraph/.build_sample_e1_t8/samples/Prob010_mt2015_q4a/sample_01.json,pass,ok,3,0-5,5,3,0,0,0,0,"{""$and"": 1, ""$buf"": 1, ""$xor"": 1}",ok,3,0-5,5,3,0,0,0,0,"{""$and"": 1, ""$buf"": 1, ""$xor"": 1}",1.0,,yes,
verilogeval,Prob011_norgate,e1_t8,VE_testbench/langgraph/.build_sample_e1_t8/samples/Prob011_norgate/sample_01.json,pass,ok,3,0-5,5,3,0,0,0,0,"{""$buf"": 1, ""$not"": 1, ""$or"": 1}",ok,3,0-5,5,3,0,0,0,0,"{""$buf"": 1, ""$not"": 1, ""$or"": 1}",1.0,,yes,
verilogeval,Prob012_xnorgate,e1_t8,VE_testbench/langgraph/.build_sample_e1_t8/samples/Prob012_xnorgate/sample_01.json,pass,ok,3,0-5,5,3,0,0,0,0,"{""$buf"": 1, ""$not"": 1, ""$xor"": 1}",ok,3,0-5,5,3,0,0,0,0,"{""$buf"": 1, ""$not"": 1, ""$xor"": 1}",1.0,,yes,
verilogeval,Prob013_m2014_q4e,e1_t8,VE_testbench/langgraph/.build_sample_e1_t8/samples/Prob013_m2014_q4e/sample_01.json,pass,ok,3,0-5,5,3,0,0,0,0,"{""$buf"": 1, ""$not"": 1, ""$or"": 1}",ok,3,0-5,5,3,0,0,0,0,"{""$buf"": 1, ""$not"": 1, ""$or"": 1}",1.0,,yes,
verilogeval,Prob014_andgate,e1_t8,VE_testbench/langgraph/.build_sample_e1_t8/samples/Prob014_andgate/sample_01.json,pass,ok,2,0-5,4,2,0,0,0,0,"{""$and"": 1, ""$buf"": 1}",ok,2,0-5,4,2,0,0,0,0,"{""$and"": 1, ""$buf"": 1}",1.0,,yes,
verilogeval,Prob015_vector1,e1_t8,VE_testbench/langgraph/.build_sample_e1_t8/samples/Prob015_vector1/sample_01.json,pass,ok,2,0-5,3,1,0,0,0,0,"{""$buf"": 2}",ok,1,0-5,3,1,0,0,0,0,"{""$buf"": 1}",2.0,,yes,
verilogeval,Prob016_m2014_q4j,e1_t8,VE_testbench/langgraph/.build_sample_e1_t8/samples/Prob016_m2014_q4j/sample_01.json,pass,ok,2,0-5,4,2,0,0,0,0,"{""$add"": 1, ""$buf"": 1}",ok,2,0-5,4,2,0,0,0,0,"{""$add"": 1, ""$buf"": 1}",1.0,,yes,
verilogeval,Prob017_mux2to1v,e1_t8,VE_testbench/langgraph/.build_sample_e1_t8/samples/Prob017_mux2to1v/sample_01.json,pass,ok,2,0-5,5,2,0,0,0,0,"{""$buf"": 1, ""$mux"": 1}",ok,2,0-5,5,2,0,0,0,0,"{""$buf"": 1, ""$mux"": 1}",1.0,,yes,
verilogeval,Prob018_mux256to1,e1_t8,VE_testbench/langgraph/.build_sample_e1_t8/samples/Prob018_mux256to1/sample_01.json,pass,ok,4,0-5,6,4,0,0,0,0,"{""$bmux"": 1, ""$buf"": 1, ""$lt"": 1, ""$mux"": 1}",ok,4,0-5,6,4,0,0,0,0,"{""$bmux"": 1, ""$buf"": 1, ""$lt"": 1, ""$mux"": 1}",1.0,,yes,
verilogeval,Prob019_m2014_q4f,e1_t8,VE_testbench/langgraph/.build_sample_e1_t8/samples/Prob019_m2014_q4f/sample_01.json,pass,ok,3,0-5,5,3,0,0,0,0,"{""$and"": 1, ""$buf"": 1, ""$not"": 1}",ok,3,0-5,5,3,0,0,0,0,"{""$and"": 1, ""$buf"": 1, ""$not"": 1}",1.0,,yes,
verilogeval,Prob020_mt2015_eq2,e1_t8,VE_testbench/langgraph/.build_sample_e1_t8/samples/Prob020_mt2015_eq2/sample_01.json,pass,ok,3,0-5,5,3,0,0,0,0,"{""$buf"": 1, ""$eq"": 1, ""$mux"": 1}",ok,2,0-5,4,2,0,0,0,0,"{""$buf"": 1, ""$eq"": 1}",1.5,,yes,
verilogeval,Prob021_mux256to1v,e1_t8,VE_testbench/langgraph/.build_sample_e1_t8/samples/Prob021_mux256to1v/sample_01.json,pass,ok,2,0-5,4,2,0,0,0,0,"{""$buf"": 1, ""$shiftx"": 1}",ok,21,16+,23,6,0,0,0,0,"{""$add"": 4, ""$bmux"": 4, ""$buf"": 1, ""$lt"": 4, ""$mul"": 4, ""$mux"": 4}",0.0952,,yes,
verilogeval,Prob022_mux2to1,e1_t8,VE_testbench/langgraph/.build_sample_e1_t8/samples/Prob022_mux2to1/sample_01.json,pass,ok,3,0-5,6,3,0,0,0,0,"{""$buf"": 1, ""$mux"": 1, ""$not"": 1}",ok,2,0-5,5,2,0,0,0,0,"{""$buf"": 1, ""$mux"": 1}",1.5,,yes,
verilogeval,Prob023_vector100r,e1_t8,VE_testbench/langgraph/.build_sample_e1_t8/samples/Prob023_vector100r/sample_01.json,pass,ok,1,0-5,3,1,0,0,0,0,"{""$buf"": 1}",ok,1,0-5,2,1,0,0,0,0,"{""$buf"": 1}",1.0,,yes,
verilogeval,Prob024_hadd,e1_t8,VE_testbench/langgraph/.build_sample_e1_t8/samples/Prob024_hadd/sample_01.json,pass,ok,4,0-5,6,3,0,0,0,0,"{""$and"": 1, ""$buf"": 2, ""$xor"": 1}",ok,2,0-5,5,2,0,0,0,0,"{""$add"": 1, ""$buf"": 1}",2.0,,yes,
verilogeval,Prob025_reduction,e1_t8,VE_testbench/langgraph/.build_sample_e1_t8/samples/Prob025_reduction/sample_01.json,pass,ok,2,0-5,3,2,0,0,0,0,"{""$buf"": 1, ""$reduce_xor"": 1}",ok,2,0-5,3,2,0,0,0,0,"{""$buf"": 1, ""$reduce_xor"": 1}",1.0,,yes,
verilogeval,Prob026_alwaysblock1,e1_t8,VE_testbench/langgraph/.build_sample_e1_t8/samples/Prob026_alwaysblock1/sample_01.json,pass,ok,4,0-5,6,2,0,0,0,0,"{""$and"": 2, ""$buf"": 2}",ok,4,0-5,6,2,0,0,0,0,"{""$and"": 2, ""$buf"": 2}",1.0,,yes,
verilogeval,Prob027_fadd,e1_t8,VE_testbench/langgraph/.build_sample_e1_t8/samples/Prob027_fadd/sample_01.json,pass,ok,3,0-5,7,2,0,0,0,0,"{""$add"": 2, ""$buf"": 1}",ok,3,0-5,7,2,0,0,0,0,"{""$add"": 2, ""$buf"": 1}",1.0,,yes,
verilogeval,Prob028_m2014_q4a,e1_t8,VE_testbench/langgraph/.build_sample_e1_t8/samples/Prob028_m2014_q4a/sample_01.json,pass,ok,2,0-5,7,2,0,0,0,0,"{""$buf"": 1, ""$mux"": 1}",ok,4,0-5,12,2,0,1,0,0,"{""$dlatch"": 1, ""$mux"": 3}",0.5,,yes,
verilogeval,Prob029_m2014_q4g,e1_t8,VE_testbench/langgraph/.build_sample_e1_t8/samples/Prob029_m2014_q4g/sample_01.json,pass,ok,3,0-5,6,3,0,0,0,0,"{""$buf"": 1, ""$xnor"": 1, ""$xor"": 1}",ok,4,0-5,7,3,0,0,0,0,"{""$buf"": 1, ""$not"": 1, ""$xor"": 2}",0.75,,yes,
verilogeval,Prob030_popcount255,e1_t8,VE_testbench/langgraph/.build_sample_e1_t8/samples/Prob030_popcount255/sample_01.json,pass,ok,510,16+,1022,3,0,0,0,0,"{""$add"": 254, ""$buf"": 1, ""$mux"": 255}",ok,256,16+,257,2,0,0,0,0,"{""$add"": 255, ""$buf"": 1}",1.9922,,yes,
verilogeval,Prob031_dff,e1_t8,VE_testbench/langgraph/.build_sample_e1_t8/samples/Prob031_dff/sample_01.json,pass,ok,1,0-5,3,1,1,0,0,0,"{""$dff"": 1}",ok,1,0-5,3,1,1,0,0,0,"{""$dff"": 1}",1.0,1.0,yes,
verilogeval,Prob032_vector0,e1_t8,VE_testbench/langgraph/.build_sample_e1_t8/samples/Prob032_vector0/sample_01.json,pass,ok,4,0-5,5,1,0,0,0,0,"{""$buf"": 4}",ok,2,0-5,5,1,0,0,0,0,"{""$buf"": 2}",2.0,,yes,
verilogeval,Prob033_ece241_2014_q1c,e1_t8,VE_testbench/langgraph/.build_sample_e1_t8/samples/Prob033_ece241_2014_q1c/sample_01.json,pass,ok,11,11-15,13,5,0,0,0,0,"{""$add"": 1, ""$buf"": 2, ""$logic_and"": 4, ""$logic_not"": 3, ""$logic_or"": 1}",ok,8,6-10,10,6,0,0,0,0,"{""$add"": 1, ""$buf"": 3, ""$logic_and"": 1, ""$logic_not"": 1, ""$ne"": 1, ""$xor"": 1}",1.375,,yes,
verilogeval,Prob034_dff8,e1_t8,VE_testbench/langgraph/.build_sample_e1_t8/samples/Prob034_dff8/sample_01.json,pass,ok,2,0-5,4,1,2,0,0,0,"{""$dff"": 2}",ok,1,0-5,3,1,1,0,0,0,"{""$dff"": 1}",2.0,2.0,yes,
verilogeval,Prob035_count1to10,e1_t8,VE_testbench/langgraph/.build_sample_e1_t8/samples/Prob035_count1to10/sample_01.json,pass,ok,5,0-5,9,5,1,0,0,0,"{""$add"": 1, ""$dff"": 1, ""$eq"": 1, ""$logic_or"": 1, ""$mux"": 1}",ok,5,0-5,9,5,1,0,0,0,"{""$add"": 1, ""$dff"": 1, ""$eq"": 1, ""$logic_or"": 1, ""$mux"": 1}",1.0,1.0,yes,
verilogeval,Prob036_ringer,e1_t8,VE_testbench/langgraph/.build_sample_e1_t8/samples/Prob036_ringer/sample_01.json,pass,ok,5,0-5,7,3,0,0,0,0,"{""$and"": 2, ""$buf"": 2, ""$not"": 1}",ok,5,0-5,7,3,0,0,0,0,"{""$and"": 2, ""$buf"": 2, ""$not"": 1}",1.0,,yes,
verilogeval,Prob037_review2015_count1k,e1_t8,VE_testbench/langgraph/.build_sample_e1_t8/samples/Prob037_review2015_count1k/sample_01.json,pass,ok,5,0-5,9,5,1,0,0,0,"{""$add"": 1, ""$dff"": 1, ""$eq"": 1, ""$logic_or"": 1, ""$mux"": 1}",ok,5,0-5,9,5,1,0,0,0,"{""$add"": 1, ""$dff"": 1, ""$eq"": 1, ""$logic_or"": 1, ""$mux"": 1}",1.0,1.0,yes,
verilogeval,Prob038_count15,e1_t8,VE_testbench/langgraph/.build_sample_e1_t8/samples/Prob038_count15/sample_01.json,pass,ok,3,0-5,7,3,1,0,0,0,"{""$add"": 1, ""$dff"": 1, ""$mux"": 1}",ok,3,0-5,7,3,1,0,0,0,"{""$add"": 1, ""$dff"": 1, ""$mux"": 1}",1.0,1.0,yes,
verilogeval,Prob039_always_if,e1_t8,VE_testbench/langgraph/.build_sample_e1_t8/samples/Prob039_always_if/sample_01.json,pass,ok,6,6-10,12,3,0,0,0,0,"{""$buf"": 3, ""$logic_and"": 1, ""$mux"": 2}",ok,6,6-10,10,3,0,0,0,0,"{""$and"": 2, ""$buf"": 2, ""$mux"": 2}",1.0,,yes,
verilogeval,Prob040_count10,e1_t8,VE_testbench/langgraph/.build_sample_e1_t8/samples/Prob040_count10/sample_01.json,pass,ok,5,0-5,9,5,1,0,0,0,"{""$add"": 1, ""$dff"": 1, ""$eq"": 1, ""$logic_or"": 1, ""$mux"": 1}",ok,5,0-5,9,5,1,0,0,0,"{""$add"": 1, ""$dff"": 1, ""$eq"": 1, ""$logic_or"": 1, ""$mux"": 1}",1.0,1.0,yes,
verilogeval,Prob041_dff8r,e1_t8,VE_testbench/langgraph/.build_sample_e1_t8/samples/Prob041_dff8r/sample_01.json,pass,ok,3,0-5,9,2,2,0,0,0,"{""$dff"": 2, ""$mux"": 1}",ok,2,0-5,7,2,1,0,0,0,"{""$dff"": 1, ""$mux"": 1}",1.5,2.0,yes,
verilogeval,Prob042_vector4,e1_t8,VE_testbench/langgraph/.build_sample_e1_t8/samples/Prob042_vector4/sample_01.json,pass,ok,1,0-5,2,1,0,0,0,0,"{""$buf"": 1}",ok,1,0-5,2,1,0,0,0,0,"{""$buf"": 1}",1.0,,yes,
verilogeval,Prob043_vector5,e1_t8,VE_testbench/langgraph/.build_sample_e1_t8/samples/Prob043_vector5/sample_01.json,pass,ok,75,16+,56,3,0,0,0,0,"{""$buf"": 25, ""$not"": 25, ""$xor"": 25}",ok,3,0-5,8,3,0,0,0,0,"{""$buf"": 1, ""$not"": 1, ""$xor"": 1}",25.0,,yes,
verilogeval,Prob044_vectorgates,e1_t8,VE_testbench/langgraph/.build_sample_e1_t8/samples/Prob044_vectorgates/sample_01.json,pass,ok,8,6-10,9,4,0,0,0,0,"{""$buf"": 4, ""$logic_or"": 1, ""$not"": 2, ""$or"": 1}",ok,7,6-10,9,4,0,0,0,0,"{""$buf"": 3, ""$logic_or"": 1, ""$not"": 2, ""$or"": 1}",1.1429,,yes,
verilogeval,Prob045_edgedetect2,e1_t8,VE_testbench/langgraph/.build_sample_e1_t8/samples/Prob045_edgedetect2/sample_01.json,pass,ok,7,6-10,9,4,2,0,0,0,"{""$and"": 2, ""$dff"": 2, ""$not"": 2, ""$or"": 1}",ok,3,0-5,5,2,2,0,0,0,"{""$dff"": 2, ""$xor"": 1}",2.3333,1.0,yes,
verilogeval,Prob046_dff8p,e1_t8,VE_testbench/langgraph/.build_sample_e1_t8/samples/Prob046_dff8p/sample_01.json,pass,ok,2,0-5,7,2,1,0,0,0,"{""$dff"": 1, ""$mux"": 1}",ok,2,0-5,7,2,1,0,0,0,"{""$dff"": 1, ""$mux"": 1}",1.0,1.0,yes,
verilogeval,Prob047_dff8ar,e1_t8,VE_testbench/langgraph/.build_sample_e1_t8/samples/Prob047_dff8ar/sample_01.json,pass,ok,3,0-5,6,2,2,0,0,0,"{""$aldff"": 2, ""$logic_not"": 1}",ok,2,0-5,5,2,1,0,0,0,"{""$aldff"": 1, ""$logic_not"": 1}",1.5,2.0,yes,
verilogeval,Prob048_m2014_q4c,e1_t8,VE_testbench/langgraph/.build_sample_e1_t8/samples/Prob048_m2014_q4c/sample_01.json,pass,ok,2,0-5,7,2,1,0,0,0,"{""$dff"": 1, ""$mux"": 1}",ok,2,0-5,7,2,1,0,0,0,"{""$dff"": 1, ""$mux"": 1}",1.0,1.0,yes,
verilogeval,Prob049_m2014_q4b,e1_t8,VE_testbench/langgraph/.build_sample_e1_t8/samples/Prob049_m2014_q4b/sample_01.json,pass,ok,3,0-5,6,3,1,0,0,0,"{""$aldff"": 1, ""$buf"": 1, ""$logic_not"": 1}",ok,2,0-5,5,2,1,0,0,0,"{""$aldff"": 1, ""$logic_not"": 1}",1.5,1.0,yes,
verilogeval,Prob050_kmap1,e1_t8,VE_testbench/langgraph/.build_sample_e1_t8/samples/Prob050_kmap1/sample_01.json,pass,ok,3,0-5,6,2,0,0,0,0,"{""$buf"": 1, ""$or"": 2}",ok,3,0-5,6,2,0,0,0,0,"{""$buf"": 1, ""$or"": 2}",1.0,,yes,
verilogeval,Prob051_gates4,e1_t8,VE_testbench/langgraph/.build_sample_e1_t8/samples/Prob051_gates4/sample_01.json,pass,ok,6,6-10,7,4,0,0,0,0,"{""$buf"": 3, ""$reduce_and"": 1, ""$reduce_or"": 1, ""$reduce_xor"": 1}",ok,6,6-10,7,4,0,0,0,0,"{""$buf"": 3, ""$reduce_and"": 1, ""$reduce_or"": 1, ""$reduce_xor"": 1}",1.0,,yes,
verilogeval,Prob052_gates100,e1_t8,VE_testbench/langgraph/.build_sample_e1_t8/samples/Prob052_gates100/sample_01.json,pass,ok,6,6-10,7,4,0,0,0,0,"{""$buf"": 3, ""$reduce_and"": 1, ""$reduce_or"": 1, ""$reduce_xor"": 1}",ok,6,6-10,7,4,0,0,0,0,"{""$buf"": 3, ""$reduce_and"": 1, ""$reduce_or"": 1, ""$reduce_xor"": 1}",1.0,,yes,
verilogeval,Prob053_m2014_q4d,e1_t8,VE_testbench/langgraph/.build_sample_e1_t8/samples/Prob053_m2014_q4d/sample_01.json,pass,ok,3,0-5,5,2,2,0,0,0,"{""$dff"": 2, ""$xor"": 1}",ok,2,0-5,4,2,1,0,0,0,"{""$dff"": 1, ""$xor"": 1}",1.5,2.0,yes,
verilogeval,Prob054_edgedetect,e1_t8,VE_testbench/langgraph/.build_sample_e1_t8/samples/Prob054_edgedetect/sample_01.json,pass,ok,27,16+,53,4,3,0,0,0,"{""$dff"": 3, ""$logic_and"": 8, ""$mux"": 8, ""$not"": 8}",ok,4,0-5,6,3,2,0,0,0,"{""$and"": 1, ""$dff"": 2, ""$not"": 1}",6.75,1.5,yes,
verilogeval,Prob055_conditional,e1_t8,VE_testbench/langgraph/.build_sample_e1_t8/samples/Prob055_conditional/sample_01.json,pass,ok,22,16+,35,4,0,0,0,0,"{""$buf"": 1, ""$le"": 9, ""$logic_and"": 6, ""$mux"": 6}",ok,7,6-10,17,3,0,0,0,0,"{""$buf"": 1, ""$gt"": 3, ""$mux"": 3}",3.1429,,yes,
verilogeval,Prob056_ece241_2013_q7,e1_t8,VE_testbench/langgraph/.build_sample_e1_t8/samples/Prob056_ece241_2013_q7/sample_01.json,pass,ok,6,6-10,9,4,1,0,0,0,"{""$and"": 2, ""$dff"": 1, ""$not"": 2, ""$or"": 1}",ok,6,6-10,9,4,1,0,0,0,"{""$and"": 2, ""$dff"": 1, ""$not"": 2, ""$or"": 1}",1.0,1.0,yes,
verilogeval,Prob057_kmap2,e1_t8,VE_testbench/langgraph/.build_sample_e1_t8/samples/Prob057_kmap2/sample_01.json,fail_ts,ok,12,11-15,16,4,0,0,0,0,"{""$and"": 4, ""$buf"": 1, ""$not"": 4, ""$or"": 3}",ok,14,11-15,18,4,0,0,0,0,"{""$and"": 6, ""$buf"": 1, ""$not"": 4, ""$or"": 3}",,,no,functional_status=fail_ts
verilogeval,Prob058_alwaysblock2,e1_t8,VE_testbench/langgraph/.build_sample_e1_t8/samples/Prob058_alwaysblock2/sample_01.json,pass,ok,6,6-10,9,3,1,0,0,0,"{""$buf"": 2, ""$dff"": 1, ""$xor"": 3}",ok,6,6-10,9,3,1,0,0,0,"{""$buf"": 2, ""$dff"": 1, ""$xor"": 3}",1.0,1.0,yes,
verilogeval,Prob059_wire4,e1_t8,VE_testbench/langgraph/.build_sample_e1_t8/samples/Prob059_wire4/sample_01.json,pass,ok,4,0-5,7,1,0,0,0,0,"{""$buf"": 4}",ok,1,0-5,7,1,0,0,0,0,"{""$buf"": 1}",4.0,,yes,
verilogeval,Prob060_m2014_q4k,e1_t8,VE_testbench/langgraph/.build_sample_e1_t8/samples/Prob060_m2014_q4k/sample_01.json,pass,ok,4,0-5,9,4,1,0,0,0,"{""$buf"": 1, ""$dff"": 1, ""$logic_not"": 1, ""$mux"": 1}",ok,4,0-5,9,4,1,0,0,0,"{""$buf"": 1, ""$dff"": 1, ""$mux"": 1, ""$not"": 1}",1.0,1.0,yes,
verilogeval,Prob061_2014_q4a,e1_t8,VE_testbench/langgraph/.build_sample_e1_t8/samples/Prob061_2014_q4a/sample_01.json,pass,ok,4,0-5,14,2,1,0,0,0,"{""$dff"": 1, ""$mux"": 3}",ok,4,0-5,14,2,1,0,0,0,"{""$dff"": 1, ""$mux"": 3}",1.0,1.0,yes,
verilogeval,Prob062_bugs_mux2,e1_t8,VE_testbench/langgraph/.build_sample_e1_t8/samples/Prob062_bugs_mux2/sample_01.json,pass,ok,2,0-5,7,2,0,0,0,0,"{""$buf"": 1, ""$mux"": 1}",ok,2,0-5,5,2,0,0,0,0,"{""$buf"": 1, ""$mux"": 1}",1.0,,yes,
verilogeval,Prob063_review2015_shiftcount,e1_t8,VE_testbench/langgraph/.build_sample_e1_t8/samples/Prob063_review2015_shiftcount/sample_01.json,pass,ok,5,0-5,14,3,1,0,0,0,"{""$dff"": 1, ""$mux"": 3, ""$sub"": 1}",ok,5,0-5,14,3,1,0,0,0,"{""$dff"": 1, ""$mux"": 3, ""$sub"": 1}",1.0,1.0,yes,
verilogeval,Prob064_vector3,e1_t8,VE_testbench/langgraph/.build_sample_e1_t8/samples/Prob064_vector3/sample_01.json,pass,ok,1,0-5,10,1,0,0,0,0,"{""$buf"": 1}",ok,1,0-5,10,1,0,0,0,0,"{""$buf"": 1}",1.0,,yes,
verilogeval,Prob065_7420,e1_t8,VE_testbench/langgraph/.build_sample_e1_t8/samples/Prob065_7420/sample_01.json,pass,ok,10,6-10,18,3,0,0,0,0,"{""$and"": 6, ""$buf"": 2, ""$not"": 2}",ok,6,6-10,14,3,0,0,0,0,"{""$buf"": 2, ""$logic_not"": 2, ""$reduce_and"": 2}",1.6667,,yes,
verilogeval,Prob066_edgecapture,e1_t8,VE_testbench/langgraph/.build_sample_e1_t8/samples/Prob066_edgecapture/sample_01.json,fail_ts,ok,2,0-5,5,2,1,0,0,0,"{""$aldff"": 1, ""$logic_not"": 1}",ok,6,6-10,11,5,2,0,0,0,"{""$and"": 1, ""$dff"": 2, ""$mux"": 1, ""$not"": 1, ""$or"": 1}",,,no,functional_status=fail_ts
verilogeval,Prob067_countslow,e1_t8,VE_testbench/langgraph/.build_sample_e1_t8/samples/Prob067_countslow/sample_01.json,pass,ok,8,6-10,16,6,1,0,0,0,"{""$add"": 1, ""$dff"": 1, ""$eq"": 1, ""$logic_and"": 1, ""$logic_or"": 1, ""$mux"": 3}",ok,9,6-10,21,4,1,0,0,0,"{""$add"": 1, ""$dff"": 1, ""$eq"": 1, ""$mux"": 6}",0.8889,1.0,yes,
verilogeval,Prob068_countbcd,e1_t8,VE_testbench/langgraph/.build_sample_e1_t8/samples/Prob068_countbcd/sample_01.json,fail_ts,ok,7,6-10,11,7,1,0,0,0,"{""$add"": 1, ""$aldff"": 1, ""$buf"": 1, ""$div"": 1, ""$eq"": 1, ""$logic_not"": 1, ""$mux"": 1}",ok,34,16+,56,7,1,0,0,0,"{""$add"": 4, ""$buf"": 2, ""$dff"": 1, ""$eq"": 7, ""$logic_and"": 4, ""$logic_or"": 4, ""$mux"": 12}",,,no,functional_status=fail_ts
verilogeval,Prob069_truthtable1,e1_t8,VE_testbench/langgraph/.build_sample_e1_t8/samples/Prob069_truthtable1/sample_01.json,pass,ok,16,16+,19,4,0,0,0,0,"{""$and"": 8, ""$buf"": 1, ""$not"": 4, ""$or"": 3}",ok,16,16+,19,4,0,0,0,0,"{""$and"": 8, ""$buf"": 1, ""$not"": 4, ""$or"": 3}",1.0,,yes,
verilogeval,Prob070_ece241_2013_q2,e1_t8,VE_testbench/langgraph/.build_sample_e1_t8/samples/Prob070_ece241_2013_q2/sample_01.json,fail_ts,ok,21,16+,25,4,0,0,0,0,"{""$and"": 9, ""$buf"": 2, ""$not"": 8, ""$or"": 2}",ok,24,16+,28,6,0,0,0,0,"{""$and"": 7, ""$buf"": 4, ""$eq"": 1, ""$mux"": 1, ""$not"": 6, ""$or"": 5}",,,no,functional_status=fail_ts
verilogeval,Prob071_always_casez,e1_t8,VE_testbench/langgraph/.build_sample_e1_t8/samples/Prob071_always_casez/sample_01.json,pass,ok,9,6-10,19,2,0,0,0,0,"{""$buf"": 1, ""$mux"": 8}",ok,9,6-10,19,2,0,0,0,0,"{""$buf"": 1, ""$mux"": 8}",1.0,,yes,
verilogeval,Prob072_thermostat,e1_t8,VE_testbench/langgraph/.build_sample_e1_t8/samples/Prob072_thermostat/sample_01.json,pass,ok,8,6-10,12,4,0,0,0,0,"{""$and"": 2, ""$buf"": 3, ""$not"": 1, ""$or"": 2}",ok,8,6-10,12,5,0,0,0,0,"{""$and"": 2, ""$buf"": 3, ""$mux"": 1, ""$not"": 1, ""$or"": 1}",1.0,,yes,
verilogeval,Prob073_dff16e,e1_t8,VE_testbench/langgraph/.build_sample_e1_t8/samples/Prob073_dff16e/sample_01.json,pass,ok,9,6-10,17,5,1,0,0,0,"{""$dff"": 1, ""$eq"": 3, ""$logic_not"": 2, ""$mux"": 2, ""$pmux"": 1}",ok,7,6-10,19,3,1,0,0,0,"{""$dff"": 1, ""$logic_not"": 1, ""$mux"": 5}",1.2857,1.0,yes,
verilogeval,Prob074_ece241_2014_q4,e1_t8,VE_testbench/langgraph/.build_sample_e1_t8/samples/Prob074_ece241_2014_q4/sample_01.json,fail_ts,ok,12,11-15,14,6,3,0,0,0,"{""$and"": 1, ""$buf"": 1, ""$dff"": 3, ""$not"": 3, ""$or"": 3, ""$xor"": 1}",ok,9,6-10,11,8,1,0,0,0,"{""$and"": 1, ""$buf"": 1, ""$dff"": 1, ""$logic_not"": 1, ""$not"": 2, ""$or"": 1, ""$reduce_or"": 1, ""$xor"": 1}",,,no,functional_status=fail_ts
verilogeval,Prob075_counter_2bc,e1_t8,VE_testbench/langgraph/.build_sample_e1_t8/samples/Prob075_counter_2bc/sample_01.json,pass,ok,11,11-15,20,6,1,0,0,0,"{""$add"": 1, ""$aldff"": 1, ""$eq"": 1, ""$logic_not"": 2, ""$mux"": 5, ""$sub"": 1}",ok,15,11-15,28,8,1,0,0,0,"{""$add"": 1, ""$aldff"": 1, ""$gt"": 1, ""$logic_and"": 2, ""$logic_not"": 2, ""$lt"": 1, ""$mux"": 6, ""$sub"": 1}",0.7333,1.0,yes,
verilogeval,Prob076_always_case,e1_t8,VE_testbench/langgraph/.build_sample_e1_t8/samples/Prob076_always_case/sample_01.json,pass,ok,8,6-10,16,4,0,0,0,0,"{""$buf"": 1, ""$eq"": 5, ""$logic_not"": 1, ""$pmux"": 1}",ok,8,6-10,16,4,0,0,0,0,"{""$buf"": 1, ""$eq"": 5, ""$logic_not"": 1, ""$pmux"": 1}",1.0,,yes,
verilogeval,Prob077_wire_decl,e1_t8,VE_testbench/langgraph/.build_sample_e1_t8/samples/Prob077_wire_decl/sample_01.json,pass,ok,9,6-10,13,4,0,0,0,0,"{""$and"": 2, ""$buf"": 4, ""$not"": 1, ""$or"": 2}",ok,8,6-10,12,4,0,0,0,0,"{""$and"": 2, ""$buf"": 4, ""$not"": 1, ""$or"": 1}",1.125,,yes,
verilogeval,Prob078_dualedge,e1_t8,VE_testbench/langgraph/.build_sample_e1_t8/samples/Prob078_dualedge/sample_01.json,pass,ok,6,6-10,10,4,2,0,0,0,"{""$buf"": 2, ""$dff"": 2, ""$mux"": 1, ""$not"": 1}",ok,4,0-5,6,3,2,0,0,0,"{""$buf"": 1, ""$dff"": 2, ""$mux"": 1}",1.5,1.0,yes,
verilogeval,Prob079_fsm3onehot,e1_t8,VE_testbench/langgraph/.build_sample_e1_t8/samples/Prob079_fsm3onehot/sample_01.json,pass,ok,16,16+,21,5,0,0,0,0,"{""$buf"": 1, ""$eq"": 5, ""$mux"": 5, ""$not"": 4, ""$pmux"": 1}",ok,15,11-15,14,4,0,0,0,0,"{""$and"": 4, ""$buf"": 5, ""$not"": 2, ""$or"": 4}",1.0667,,yes,
verilogeval,Prob080_timer,e1_t8,VE_testbench/langgraph/.build_sample_e1_t8/samples/Prob080_timer/sample_01.json,pass,ok,8,6-10,16,6,1,0,0,0,"{""$buf"": 1, ""$dff"": 1, ""$gt"": 1, ""$logic_not"": 1, ""$mux"": 3, ""$sub"": 1}",ok,8,6-10,16,6,1,0,0,0,"{""$buf"": 1, ""$dff"": 1, ""$logic_not"": 1, ""$mux"": 3, ""$reduce_bool"": 1, ""$sub"": 1}",1.0,1.0,yes,
verilogeval,Prob081_7458,e1_t8,VE_testbench/langgraph/.build_sample_e1_t8/samples/Prob081_7458/sample_01.json,pass,ok,14,11-15,24,3,0,0,0,0,"{""$and"": 6, ""$buf"": 6, ""$or"": 2}",ok,8,6-10,18,3,0,0,0,0,"{""$buf"": 2, ""$or"": 2, ""$reduce_and"": 4}",1.75,,yes,
verilogeval,Prob082_lfsr32,e1_t8,VE_testbench/langgraph/.build_sample_e1_t8/samples/Prob082_lfsr32/sample_01.json,fail_ts,error_other,,,,,,,,,{},ok,6,6-10,10,4,1,0,0,0,"{""$buf"": 1, ""$dff"": 1, ""$mux"": 1, ""$xor"": 3}",,,no,functional_status=fail_ts; gen_synth_status=error_other
verilogeval,Prob083_mt2015_q4b,e1_t8,VE_testbench/langgraph/.build_sample_e1_t8/samples/Prob083_mt2015_q4b/sample_01.json,pass,ok,6,6-10,8,4,0,0,0,0,"{""$and"": 2, ""$buf"": 1, ""$not"": 2, ""$or"": 1}",ok,3,0-5,5,3,0,0,0,0,"{""$buf"": 1, ""$not"": 1, ""$xor"": 1}",2.0,,yes,
verilogeval,Prob084_ece241_2013_q12,e1_t8,VE_testbench/langgraph/.build_sample_e1_t8/samples/Prob084_ece241_2013_q12/sample_01.json,pass,ok,13,11-15,22,6,1,0,0,0,"{""$buf"": 2, ""$dff"": 1, ""$eq"": 7, ""$logic_not"": 1, ""$mux"": 1, ""$pmux"": 1}",ok,6,6-10,14,5,1,0,0,0,"{""$bmux"": 1, ""$buf"": 1, ""$dff"": 1, ""$lt"": 1, ""$mux"": 2}",2.1667,1.0,yes,
verilogeval,Prob085_shift4,e1_t8,VE_testbench/langgraph/.build_sample_e1_t8/samples/Prob085_shift4/sample_01.json,pass,ok,5,0-5,16,3,1,0,0,0,"{""$aldff"": 1, ""$logic_not"": 1, ""$mux"": 3}",ok,5,0-5,15,3,1,0,0,0,"{""$aldff"": 1, ""$logic_not"": 1, ""$mux"": 3}",1.0,1.0,yes,
verilogeval,Prob086_lfsr5,e1_t8,VE_testbench/langgraph/.build_sample_e1_t8/samples/Prob086_lfsr5/sample_01.json,pass,ok,3,0-5,7,3,1,0,0,0,"{""$dff"": 1, ""$mux"": 1, ""$xor"": 1}",ok,4,0-5,8,4,1,0,0,0,"{""$buf"": 1, ""$dff"": 1, ""$mux"": 1, ""$xor"": 1}",0.75,1.0,yes,
verilogeval,Prob087_gates,e1_t8,VE_testbench/langgraph/.build_sample_e1_t8/samples/Prob087_gates/sample_01.json,pass,ok,17,16+,19,6,0,0,0,0,"{""$and"": 3, ""$buf"": 7, ""$not"": 3, ""$or"": 2, ""$xnor"": 1, ""$xor"": 1}",ok,17,16+,19,6,0,0,0,0,"{""$and"": 3, ""$buf"": 7, ""$not"": 3, ""$or"": 2, ""$xnor"": 1, ""$xor"": 1}",1.0,,yes,
verilogeval,Prob088_ece241_2014_q5b,e1_t8,VE_testbench/langgraph/.build_sample_e1_t8/samples/Prob088_ece241_2014_q5b/sample_01.json,pass,ok,21,16+,29,9,1,0,0,0,"{""$aldff"": 1, ""$buf"": 2, ""$eq"": 3, ""$logic_and"": 2, ""$logic_not"": 4, ""$logic_or"": 1, ""$mux"": 4, ""$not"": 3, ""$pmux"": 1}",ok,11,11-15,18,8,1,0,0,0,"{""$aldff"": 1, ""$buf"": 1, ""$logic_and"": 2, ""$logic_not"": 1, ""$mux"": 1, ""$not"": 3, ""$or"": 1, ""$pmux"": 1}",1.9091,1.0,yes,
verilogeval,Prob089_ece241_2014_q5a,e1_t8,VE_testbench/langgraph/.build_sample_e1_t8/samples/Prob089_ece241_2014_q5a/sample_01.json,fail_ts,ok,3,0-5,6,3,1,0,0,0,"{""$aldff"": 1, ""$logic_not"": 1, ""$not"": 1}",ok,11,11-15,15,6,1,0,0,0,"{""$aldff"": 1, ""$buf"": 1, ""$eq"": 3, ""$logic_not"": 2, ""$mux"": 3, ""$pmux"": 1}",,,no,functional_status=fail_ts
verilogeval,Prob090_circuit1,e1_t8,VE_testbench/langgraph/.build_sample_e1_t8/samples/Prob090_circuit1/sample_01.json,pass,ok,2,0-5,4,2,0,0,0,0,"{""$and"": 1, ""$buf"": 1}",ok,2,0-5,4,2,0,0,0,0,"{""$and"": 1, ""$buf"": 1}",1.0,,yes,
verilogeval,Prob091_2012_q2b,e1_t8,VE_testbench/langgraph/.build_sample_e1_t8/samples/Prob091_2012_q2b/sample_01.json,fail_ts,ok,2,0-5,4,1,0,0,0,0,"{""$buf"": 2}",ok,8,6-10,10,4,0,0,0,0,"{""$and"": 2, ""$buf"": 2, ""$not"": 1, ""$or"": 3}",,,no,functional_status=fail_ts
verilogeval,Prob092_gatesv100,e1_t8,VE_testbench/langgraph/.build_sample_e1_t8/samples/Prob092_gatesv100/sample_01.json,pass,ok,596,16+,302,4,0,0,0,0,"{""$and"": 99, ""$buf"": 298, ""$or"": 99, ""$xor"": 100}",ok,6,6-10,7,4,0,0,0,0,"{""$and"": 1, ""$buf"": 3, ""$or"": 1, ""$xor"": 1}",99.3333,,yes,
verilogeval,Prob093_ece241_2014_q3,e1_t8,VE_testbench/langgraph/.build_sample_e1_t8/samples/Prob093_ece241_2014_q3/sample_01.json,fail_ts,ok,12,11-15,11,3,0,0,0,0,"{""$and"": 4, ""$buf"": 4, ""$not"": 4}",ok,7,6-10,6,4,0,0,0,0,"{""$and"": 1, ""$buf"": 4, ""$not"": 1, ""$or"": 1}",,,no,functional_status=fail_ts
verilogeval,Prob094_gatesv,e1_t8,VE_testbench/langgraph/.build_sample_e1_t8/samples/Prob094_gatesv/sample_01.json,pass,ok,20,16+,14,4,0,0,0,0,"{""$and"": 3, ""$buf"": 10, ""$or"": 3, ""$xor"": 4}",ok,6,6-10,7,4,0,0,0,0,"{""$and"": 1, ""$buf"": 3, ""$or"": 1, ""$xor"": 1}",3.3333,,yes,
verilogeval,Prob095_review2015_fsmshift,e1_t8,VE_testbench/langgraph/.build_sample_e1_t8/samples/Prob095_review2015_fsmshift/sample_01.json,fail_ts,ok,7,6-10,10,5,1,0,0,0,"{""$aldff"": 1, ""$buf"": 1, ""$eq"": 1, ""$logic_not"": 2, ""$mux"": 2}",ok,17,16+,22,7,1,0,0,0,"{""$buf"": 2, ""$dff"": 1, ""$eq"": 7, ""$logic_not"": 2, ""$logic_or"": 3, ""$mux"": 1, ""$pmux"": 1}",,,no,functional_status=fail_ts
verilogeval,Prob096_review2015_fsmseq,e1_t8,VE_testbench/langgraph/.build_sample_e1_t8/samples/Prob096_review2015_fsmseq/sample_01.json,pass,ok,16,16+,22,6,1,0,0,0,"{""$buf"": 2, ""$dff"": 1, ""$eq"": 5, ""$logic_not"": 1, ""$mux"": 6, ""$pmux"": 1}",ok,15,11-15,21,6,1,0,0,0,"{""$buf"": 2, ""$dff"": 1, ""$eq"": 5, ""$logic_not"": 1, ""$mux"": 5, ""$pmux"": 1}",1.0667,1.0,yes,
verilogeval,Prob097_mux9to1v,e1_t8,VE_testbench/langgraph/.build_sample_e1_t8/samples/Prob097_mux9to1v/sample_01.json,pass,ok,11,11-15,22,4,0,0,0,0,"{""$buf"": 1, ""$eq"": 8, ""$logic_not"": 1, ""$pmux"": 1}",ok,11,11-15,22,4,0,0,0,0,"{""$buf"": 1, ""$eq"": 8, ""$logic_not"": 1, ""$pmux"": 1}",1.0,,yes,
verilogeval,Prob098_circuit7,e1_t8,VE_testbench/langgraph/.build_sample_e1_t8/samples/Prob098_circuit7/sample_01.json,pass,ok,3,0-5,7,3,1,0,0,0,"{""$dff"": 1, ""$mux"": 1, ""$not"": 1}",ok,2,0-5,4,2,1,0,0,0,"{""$dff"": 1, ""$not"": 1}",1.5,1.0,yes,
verilogeval,Prob099_m2014_q6c,e1_t8,VE_testbench/langgraph/.build_sample_e1_t8/samples/Prob099_m2014_q6c/sample_01.json,pass,ok,8,6-10,10,4,0,0,0,0,"{""$and"": 2, ""$buf"": 2, ""$not"": 1, ""$or"": 3}",ok,8,6-10,10,4,0,0,0,0,"{""$and"": 2, ""$buf"": 2, ""$not"": 1, ""$or"": 3}",1.0,,yes,
verilogeval,Prob100_fsm3comb,e1_t8,VE_testbench/langgraph/.build_sample_e1_t8/samples/Prob100_fsm3comb/sample_01.json,pass,ok,27,16+,40,6,0,0,0,0,"{""$buf"": 1, ""$eq"": 9, ""$logic_not"": 3, ""$mux"": 8, ""$not"": 4, ""$pmux"": 2}",ok,12,11-15,15,5,0,0,0,0,"{""$buf"": 2, ""$eq"": 4, ""$logic_not"": 1, ""$mux"": 4, ""$pmux"": 1}",2.25,,yes,
verilogeval,Prob101_circuit4,e1_t8,VE_testbench/langgraph/.build_sample_e1_t8/samples/Prob101_circuit4/sample_01.json,fail_ts,ok,4,0-5,8,2,0,0,0,0,"{""$and"": 3, ""$buf"": 1}",ok,2,0-5,6,2,0,0,0,0,"{""$buf"": 1, ""$or"": 1}",,,no,functional_status=fail_ts
verilogeval,Prob102_circuit3,e1_t8,VE_testbench/langgraph/.build_sample_e1_t8/samples/Prob102_circuit3/sample_01.json,fail_ts,ok,4,0-5,8,2,0,0,0,0,"{""$and"": 3, ""$buf"": 1}",ok,4,0-5,8,3,0,0,0,0,"{""$and"": 1, ""$buf"": 1, ""$or"": 2}",,,no,functional_status=fail_ts
verilogeval,Prob103_circuit2,e1_t8,VE_testbench/langgraph/.build_sample_e1_t8/samples/Prob103_circuit2/sample_01.json,pass,ok,97,16+,133,4,0,0,0,0,"{""$buf"": 1, ""$logic_and"": 48, ""$mux"": 16, ""$not"": 32}",ok,5,0-5,9,3,0,0,0,0,"{""$buf"": 1, ""$not"": 1, ""$xor"": 3}",19.4,,yes,
verilogeval,Prob104_mt2015_muxdff,e1_t8,VE_testbench/langgraph/.build_sample_e1_t8/samples/Prob104_mt2015_muxdff/sample_01.json,fail_ts,ok,3,0-5,9,3,1,0,0,0,"{""$dff"": 1, ""$mux"": 1, ""$not"": 1}",ok,2,0-5,6,2,1,0,0,0,"{""$dff"": 1, ""$mux"": 1}",,,no,functional_status=fail_ts
verilogeval,Prob105_rotate100,e1_t8,VE_testbench/langgraph/.build_sample_e1_t8/samples/Prob105_rotate100/sample_01.json,pass,ok,9,6-10,22,3,1,0,0,0,"{""$dff"": 1, ""$eq"": 2, ""$mux"": 6}",ok,9,6-10,22,3,1,0,0,0,"{""$dff"": 1, ""$eq"": 2, ""$mux"": 6}",1.0,1.0,yes,
verilogeval,Prob106_always_nolatches,e1_t8,VE_testbench/langgraph/.build_sample_e1_t8/samples/Prob106_always_nolatches/sample_01.json,pass,ok,5,0-5,9,2,0,0,0,0,"{""$buf"": 1, ""$eq"": 4}",ok,9,6-10,17,3,0,0,0,0,"{""$buf"": 1, ""$eq"": 4, ""$mux"": 4}",0.5556,,yes,
verilogeval,Prob107_fsm1s,e1_t8,VE_testbench/langgraph/.build_sample_e1_t8/samples/Prob107_fsm1s/sample_01.json,pass,ok,17,16+,27,7,1,0,0,0,"{""$buf"": 2, ""$dff"": 1, ""$eq"": 3, ""$logic_not"": 2, ""$mux"": 6, ""$not"": 2, ""$pmux"": 1}",ok,8,6-10,16,5,1,0,0,0,"{""$buf"": 2, ""$dff"": 1, ""$mux"": 3, ""$not"": 1, ""$pmux"": 1}",2.125,1.0,yes,
verilogeval,Prob108_rule90,e1_t8,VE_testbench/langgraph/.build_sample_e1_t8/samples/Prob108_rule90/sample_01.json,pass,ok,512,16+,517,3,1,0,0,0,"{""$dff"": 1, ""$mux"": 1, ""$xor"": 510}",ok,3,0-5,8,3,1,0,0,0,"{""$dff"": 1, ""$mux"": 1, ""$xor"": 1}",170.6667,1.0,yes,
verilogeval,Prob109_fsm1,e1_t8,VE_testbench/langgraph/.build_sample_e1_t8/samples/Prob109_fsm1/sample_01.json,pass,ok,26,16+,37,8,1,2,0,0,"{""$aldff"": 1, ""$buf"": 1, ""$dlatch"": 2, ""$eq"": 4, ""$logic_not"": 6, ""$mux"": 7, ""$not"": 2, ""$pmux"": 3}",ok,8,6-10,14,6,1,0,0,0,"{""$aldff"": 1, ""$buf"": 2, ""$logic_not"": 1, ""$mux"": 2, ""$not"": 1, ""$pmux"": 1}",3.25,1.0,yes,
verilogeval,Prob110_fsm2,e1_t8,VE_testbench/langgraph/.build_sample_e1_t8/samples/Prob110_fsm2/sample_01.json,pass,ok,17,16+,26,6,1,0,0,0,"{""$aldff"": 1, ""$buf"": 2, ""$logic_and"": 4, ""$logic_not"": 1, ""$mux"": 5, ""$not"": 4}",ok,8,6-10,15,6,1,0,0,0,"{""$aldff"": 1, ""$buf"": 2, ""$logic_not"": 1, ""$mux"": 2, ""$not"": 1, ""$pmux"": 1}",2.125,1.0,yes,
verilogeval,Prob111_fsm2s,e1_t8,VE_testbench/langgraph/.build_sample_e1_t8/samples/Prob111_fsm2s/sample_01.json,pass,ok,17,16+,28,7,1,0,0,0,"{""$buf"": 2, ""$dff"": 1, ""$eq"": 3, ""$logic_not"": 2, ""$mux"": 6, ""$not"": 2, ""$pmux"": 1}",ok,8,6-10,17,5,1,0,0,0,"{""$buf"": 2, ""$dff"": 1, ""$mux"": 3, ""$not"": 1, ""$pmux"": 1}",2.125,1.0,yes,
verilogeval,Prob112_always_case2,e1_t8,VE_testbench/langgraph/.build_sample_e1_t8/samples/Prob112_always_case2/sample_01.json,pass,ok,5,0-5,7,3,0,0,0,0,"{""$buf"": 1, ""$eq"": 3, ""$pmux"": 1}",ok,3,0-5,4,3,0,0,1,32,"{""$buf"": 1, ""$meminit"": 1, ""$memrd_v2"": 1}",1.6667,,yes,
verilogeval,Prob113_2012_q1g,e1_t8,VE_testbench/langgraph/.build_sample_e1_t8/samples/Prob113_2012_q1g/sample_01.json,fail_ts,ok,5,0-5,6,4,0,0,0,0,"{""$buf"": 1, ""$eq"": 1, ""$mux"": 1, ""$xor"": 2}",ok,3,0-5,4,3,0,0,1,16,"{""$buf"": 1, ""$meminit"": 1, ""$memrd_v2"": 1}",,,no,functional_status=fail_ts
verilogeval,Prob114_bugs_case,e1_t8,VE_testbench/langgraph/.build_sample_e1_t8/samples/Prob114_bugs_case/sample_01.json,pass,ok,30,16+,33,4,0,0,0,0,"{""$buf"": 1, ""$eq"": 19, ""$logic_or"": 9, ""$pmux"": 1}",ok,22,16+,26,3,0,0,0,0,"{""$buf"": 1, ""$eq"": 19, ""$pmux"": 2}",1.3636,,yes,
verilogeval,Prob115_shift18,e1_t8,VE_testbench/langgraph/.build_sample_e1_t8/samples/Prob115_shift18/sample_01.json,pass,ok,11,11-15,28,5,1,0,0,0,"{""$dff"": 1, ""$eq"": 3, ""$logic_not"": 1, ""$mux"": 5, ""$pmux"": 1}",ok,11,11-15,24,5,1,0,0,0,"{""$dff"": 1, ""$eq"": 3, ""$logic_not"": 1, ""$mux"": 5, ""$pmux"": 1}",1.0,1.0,yes,
verilogeval,Prob116_m2014_q3,e1_t8,VE_testbench/langgraph/.build_sample_e1_t8/samples/Prob116_m2014_q3/sample_01.json,fail_ts,ok,7,6-10,8,4,0,0,0,0,"{""$buf"": 1, ""$eq"": 3, ""$logic_or"": 2, ""$mux"": 1}",ok,3,0-5,4,3,0,0,1,16,"{""$buf"": 1, ""$meminit"": 1, ""$memrd_v2"": 1}",,,no,functional_status=fail_ts
verilogeval,Prob117_circuit9,e1_t8,VE_testbench/langgraph/.build_sample_e1_t8/samples/Prob117_circuit9/sample_01.json,pass,ok,6,6-10,14,4,1,0,0,0,"{""$add"": 1, ""$dff"": 1, ""$eq"": 1, ""$mux"": 3}",ok,6,6-10,13,4,1,0,0,0,"{""$add"": 1, ""$dff"": 1, ""$eq"": 1, ""$mux"": 3}",1.0,1.0,yes,
verilogeval,Prob118_history_shift,e1_t8,VE_testbench/langgraph/.build_sample_e1_t8/samples/Prob118_history_shift/sample_01.json,pass,ok,6,6-10,18,4,1,0,0,0,"{""$aldff"": 1, ""$buf"": 1, ""$logic_not"": 1, ""$mux"": 3}",ok,5,0-5,17,3,1,0,0,0,"{""$aldff"": 1, ""$logic_not"": 1, ""$mux"": 3}",1.2,1.0,yes,
verilogeval,Prob119_fsm3,e1_t8,VE_testbench/langgraph/.build_sample_e1_t8/samples/Prob119_fsm3/sample_01.json,pass,ok,18,16+,22,7,1,0,0,0,"{""$aldff"": 1, ""$buf"": 1, ""$eq"": 4, ""$logic_not"": 2, ""$mux"": 5, ""$not"": 4, ""$pmux"": 1}",ok,14,11-15,18,6,1,0,0,0,"{""$aldff"": 1, ""$buf"": 2, ""$eq"": 4, ""$logic_not"": 2, ""$mux"": 4, ""$pmux"": 1}",1.2857,1.0,yes,
verilogeval,Prob120_fsm3s,e1_t8,VE_testbench/langgraph/.build_sample_e1_t8/samples/Prob120_fsm3s/sample_01.json,pass,ok,18,16+,24,7,1,0,0,0,"{""$buf"": 2, ""$dff"": 1, ""$eq"": 4, ""$logic_not"": 1, ""$mux"": 5, ""$not"": 4, ""$pmux"": 1}",ok,14,11-15,20,6,1,0,0,0,"{""$buf"": 2, ""$dff"": 1, ""$eq"": 4, ""$logic_not"": 1, ""$mux"": 5, ""$pmux"": 1}",1.2857,1.0,yes,
verilogeval,Prob121_2014_q3bfsm,e1_t8,VE_testbench/langgraph/.build_sample_e1_t8/samples/Prob121_2014_q3bfsm/sample_01.json,pass,ok,33,16+,43,6,1,1,0,0,"{""$dff"": 1, ""$dlatch"": 1, ""$eq"": 16, ""$logic_not"": 4, ""$mux"": 7, ""$pmux"": 4}",ok,18,16+,24,7,1,0,0,0,"{""$buf"": 2, ""$dff"": 1, ""$eq"": 6, ""$logic_not"": 1, ""$logic_or"": 1, ""$mux"": 6, ""$pmux"": 1}",1.8333,1.0,yes,
verilogeval,Prob122_kmap4,e1_t8,VE_testbench/langgraph/.build_sample_e1_t8/samples/Prob122_kmap4/sample_01.json,pass,ok,3,0-5,7,3,0,0,1,16,"{""$buf"": 1, ""$meminit"": 1, ""$memrd_v2"": 1}",ok,3,0-5,7,3,0,0,1,16,"{""$buf"": 1, ""$meminit"": 1, ""$memrd_v2"": 1}",1.0,,yes,
verilogeval,Prob123_bugs_addsubz,e1_t8,VE_testbench/langgraph/.build_sample_e1_t8/samples/Prob123_bugs_addsubz/sample_01.json,pass,ok,8,6-10,16,8,0,0,0,0,"{""$add"": 1, ""$buf"": 1, ""$logic_not"": 1, ""$mux"": 1, ""$not"": 1, ""$pmux"": 1, ""$reduce_or"": 1, ""$sub"": 1}",ok,6,6-10,12,6,0,0,0,0,"{""$add"": 1, ""$buf"": 1, ""$logic_not"": 1, ""$not"": 1, ""$pmux"": 1, ""$sub"": 1}",1.3333,,yes,
verilogeval,Prob124_rule110,e1_t8,VE_testbench/langgraph/.build_sample_e1_t8/samples/Prob124_rule110/sample_01.json,fail_ts,ok,2,0-5,7,2,1,0,0,0,"{""$dff"": 1, ""$mux"": 1}",ok,16,16+,21,5,1,0,0,0,"{""$and"": 6, ""$dff"": 1, ""$mux"": 1, ""$not"": 6, ""$or"": 2}",,,no,functional_status=fail_ts
verilogeval,Prob125_kmap3,e1_t8,VE_testbench/langgraph/.build_sample_e1_t8/samples/Prob125_kmap3/sample_01.json,pass,ok,3,0-5,7,3,0,0,1,16,"{""$buf"": 1, ""$meminit"": 1, ""$memrd_v2"": 1}",ok,3,0-5,7,3,0,0,1,16,"{""$buf"": 1, ""$meminit"": 1, ""$memrd_v2"": 1}",1.0,,yes,
verilogeval,Prob126_circuit6,e1_t8,VE_testbench/langgraph/.build_sample_e1_t8/samples/Prob126_circuit6/sample_01.json,pass,ok,3,0-5,4,3,0,0,1,128,"{""$buf"": 1, ""$meminit"": 1, ""$memrd_v2"": 1}",ok,3,0-5,4,3,0,0,1,128,"{""$buf"": 1, ""$meminit"": 1, ""$memrd_v2"": 1}",1.0,,yes,
verilogeval,Prob127_lemmings1,e1_t8,VE_testbench/langgraph/.build_sample_e1_t8/samples/Prob127_lemmings1/sample_01.json,pass,ok,17,16+,26,6,1,0,0,0,"{""$aldff"": 1, ""$buf"": 2, ""$eq"": 3, ""$logic_not"": 4, ""$mux"": 6, ""$pmux"": 1}",ok,10,6-10,17,6,1,0,0,0,"{""$aldff"": 1, ""$buf"": 3, ""$logic_not"": 1, ""$mux"": 2, ""$not"": 2, ""$pmux"": 1}",1.7,1.0,yes,
verilogeval,Prob128_fsm_ps2,e1_t8,VE_testbench/langgraph/.build_sample_e1_t8/samples/Prob128_fsm_ps2/sample_01.json,fail_ts,ok,35,16+,62,6,3,0,0,0,"{""$add"": 1, ""$dff"": 3, ""$eq"": 6, ""$logic_not"": 4, ""$mux"": 19, ""$pmux"": 2}",ok,13,11-15,19,6,1,0,0,0,"{""$buf"": 3, ""$dff"": 1, ""$eq"": 4, ""$logic_not"": 1, ""$mux"": 3, ""$pmux"": 1}",,,no,functional_status=fail_ts
verilogeval,Prob129_ece241_2013_q8,e1_t8,VE_testbench/langgraph/.build_sample_e1_t8/samples/Prob129_ece241_2013_q8/sample_01.json,pass,ok,20,16+,34,8,1,0,0,0,"{""$aldff"": 1, ""$buf"": 2, ""$eq"": 5, ""$logic_and"": 1, ""$logic_not"": 3, ""$mux"": 6, ""$not"": 1, ""$pmux"": 1}",ok,15,11-15,21,6,1,0,0,0,"{""$aldff"": 1, ""$buf"": 2, ""$eq"": 4, ""$logic_not"": 3, ""$mux"": 3, ""$pmux"": 2}",1.3333,1.0,yes,
verilogeval,Prob130_circuit5,e1_t8,VE_testbench/langgraph/.build_sample_e1_t8/samples/Prob130_circuit5/sample_01.json,pass,ok,6,6-10,12,4,0,0,0,0,"{""$buf"": 1, ""$eq"": 3, ""$logic_not"": 1, ""$pmux"": 1}",ok,6,6-10,12,4,0,0,0,0,"{""$buf"": 1, ""$eq"": 3, ""$logic_not"": 1, ""$pmux"": 1}",1.0,,yes,
verilogeval,Prob131_mt2015_q4,e1_t8,VE_testbench/langgraph/.build_sample_e1_t8/samples/Prob131_mt2015_q4/sample_01.json,pass,ok,15,11-15,17,5,0,0,0,0,"{""$and"": 4, ""$buf"": 5, ""$not"": 2, ""$or"": 2, ""$xor"": 2}",ok,3,0-5,5,3,0,0,0,0,"{""$buf"": 1, ""$not"": 1, ""$or"": 1}",5.0,,yes,
verilogeval,Prob132_always_if2,e1_t8,VE_testbench/langgraph/.build_sample_e1_t8/samples/Prob132_always_if2/sample_01.json,pass,ok,6,6-10,13,4,0,0,0,0,"{""$buf"": 2, ""$logic_not"": 1, ""$mux"": 2, ""$not"": 1}",ok,6,6-10,13,4,0,0,0,0,"{""$buf"": 2, ""$logic_not"": 1, ""$mux"": 2, ""$not"": 1}",1.0,,yes,
verilogeval,Prob133_2014_q3fsm,e1_t8,VE_testbench/langgraph/.build_sample_e1_t8/samples/Prob133_2014_q3fsm/sample_01.json,fail_ts,ok,6,6-10,16,4,1,0,0,0,"{""$aldff"": 1, ""$logic_not"": 1, ""$mux"": 3, ""$not"": 1}",ok,21,16+,28,6,1,0,0,0,"{""$buf"": 2, ""$dff"": 1, ""$eq"": 8, ""$logic_not"": 1, ""$mux"": 8, ""$pmux"": 1}",,,no,functional_status=fail_ts
verilogeval,Prob134_2014_q3c,e1_t8,VE_testbench/langgraph/.build_sample_e1_t8/samples/Prob134_2014_q3c/sample_01.json,pass,ok,67,16+,88,8,1,4,0,0,"{""$buf"": 1, ""$dff"": 1, ""$dlatch"": 4, ""$eq"": 28, ""$logic_not"": 7, ""$mux"": 15, ""$not"": 5, ""$pmux"": 6}",ok,9,6-10,14,6,0,0,1,16,"{""$buf"": 1, ""$eq"": 4, ""$logic_not"": 1, ""$meminit"": 1, ""$memrd_v2"": 1, ""$pmux"": 1}",7.4444,,yes,
verilogeval,Prob135_m2014_q6b,e1_t8,VE_testbench/langgraph/.build_sample_e1_t8/samples/Prob135_m2014_q6b/sample_01.json,fail_ts,ok,6,6-10,9,4,0,0,0,0,"{""$buf"": 1, ""$eq"": 3, ""$logic_not"": 1, ""$pmux"": 1}",ok,3,0-5,5,3,0,0,1,16,"{""$buf"": 1, ""$meminit"": 1, ""$memrd_v2"": 1}",,,no,functional_status=fail_ts
verilogeval,Prob136_m2014_q6,e1_t8,VE_testbench/langgraph/.build_sample_e1_t8/samples/Prob136_m2014_q6/sample_01.json,fail_ts,ok,5,0-5,8,5,1,0,1,16,"{""$aldff"": 1, ""$buf"": 1, ""$logic_not"": 1, ""$meminit"": 1, ""$memrd_v2"": 1}",ok,20,16+,26,7,1,0,0,0,"{""$buf"": 2, ""$dff"": 1, ""$eq"": 7, ""$logic_not"": 1, ""$logic_or"": 1, ""$mux"": 7, ""$pmux"": 1}",,,no,functional_status=fail_ts
verilogeval,Prob137_fsm_serial,e1_t8,VE_testbench/langgraph/.build_sample_e1_t8/samples/Prob137_fsm_serial/sample_01.json,fail_ts,ok,45,16+,62,14,3,0,0,0,"{""$add"": 1, ""$aldff"": 3, ""$and"": 1, ""$buf"": 1, ""$bwmux"": 1, ""$demux"": 2, ""$eq"": 10, ""$ge"": 1, ""$logic_and"": 1, ""$logic_not"": 8, ""$lt"": 1, ""$mux"": 11, ""$not"": 1, ""$pmux"": 3}",ok,22,16+,28,6,1,0,0,0,"{""$buf"": 2, ""$dff"": 1, ""$eq"": 12, ""$logic_not"": 1, ""$mux"": 5, ""$pmux"": 1}",,,no,functional_status=fail_ts
verilogeval,Prob138_2012_q2fsm,e1_t8,VE_testbench/langgraph/.build_sample_e1_t8/samples/Prob138_2012_q2fsm/sample_01.json,pass,ok,20,16+,32,7,1,0,0,0,"{""$buf"": 2, ""$dff"": 1, ""$eq"": 7, ""$logic_not"": 1, ""$logic_or"": 1, ""$mux"": 7, ""$pmux"": 1}",ok,20,16+,26,7,1,0,0,0,"{""$buf"": 2, ""$dff"": 1, ""$eq"": 7, ""$logic_not"": 1, ""$logic_or"": 1, ""$mux"": 7, ""$pmux"": 1}",1.0,1.0,yes,
verilogeval,Prob139_2013_q2bfsm,e1_t8,VE_testbench/langgraph/.build_sample_e1_t8/samples/Prob139_2013_q2bfsm/sample_01.json,fail_ts,ok,7,6-10,24,4,2,0,0,0,"{""$aldff"": 2, ""$logic_not"": 1, ""$mux"": 2, ""$not"": 2}",ok,27,16+,34,8,1,0,0,0,"{""$buf"": 3, ""$dff"": 1, ""$eq"": 12, ""$logic_not"": 1, ""$logic_or"": 2, ""$mux"": 6, ""$not"": 1, ""$pmux"": 1}",,,no,functional_status=fail_ts
verilogeval,Prob140_fsm_hdlc,e1_t8,VE_testbench/langgraph/.build_sample_e1_t8/samples/Prob140_fsm_hdlc/sample_01.json,fail_ts,ok,34,16+,57,7,1,0,0,0,"{""$buf"": 3, ""$dff"": 1, ""$eq"": 8, ""$logic_not"": 3, ""$mux"": 16, ""$not"": 2, ""$pmux"": 1}",ok,30,16+,36,6,1,0,0,0,"{""$buf"": 4, ""$dff"": 1, ""$eq"": 12, ""$logic_not"": 1, ""$mux"": 11, ""$pmux"": 1}",,,no,functional_status=fail_ts
verilogeval,Prob141_count_clock,e1_t8,VE_testbench/langgraph/.build_sample_e1_t8/samples/Prob141_count_clock/sample_01.json,fail_ts,ok,52,16+,112,5,4,0,0,0,"{""$add"": 3, ""$dff"": 4, ""$eq"": 3, ""$mux"": 41, ""$not"": 1}",ok,90,16+,174,7,4,0,0,0,"{""$add"": 6, ""$buf"": 1, ""$dff"": 4, ""$eq"": 12, ""$logic_and"": 6, ""$mux"": 60, ""$not"": 1}",,,no,functional_status=fail_ts
verilogeval,Prob142_lemmings2,e1_t8,VE_testbench/langgraph/.build_sample_e1_t8/samples/Prob142_lemmings2/sample_01.json,pass,ok,41,16+,61,9,1,0,0,0,"{""$aldff"": 1, ""$buf"": 4, ""$eq"": 8, ""$logic_and"": 1, ""$logic_not"": 7, ""$mux"": 17, ""$ne"": 1, ""$pmux"": 1, ""$reduce_bool"": 1}",ok,22,16+,28,7,1,0,0,0,"{""$aldff"": 1, ""$buf"": 4, ""$eq"": 6, ""$logic_not"": 3, ""$logic_or"": 1, ""$mux"": 6, ""$pmux"": 1}",1.8636,1.0,yes,
verilogeval,Prob143_fsm_onehot,e1_t8,VE_testbench/langgraph/.build_sample_e1_t8/samples/Prob143_fsm_onehot/sample_01.json,fail_ts,ok,3,0-5,5,1,0,0,0,0,"{""$buf"": 3}",ok,34,16+,27,5,0,0,0,0,"{""$buf"": 12, ""$logic_and"": 10, ""$logic_not"": 3, ""$or"": 8, ""$reduce_or"": 1}",,,no,functional_status=fail_ts
verilogeval,Prob144_conwaylife,e1_t8,VE_testbench/langgraph/.build_sample_e1_t8/samples/Prob144_conwaylife/sample_01.json,fail_ts,ok,4,0-5,11,2,2,0,0,0,"{""$dff"": 2, ""$mux"": 2}",ok,2307,16+,2568,6,1,0,0,0,"{""$add"": 1792, ""$buf"": 1, ""$dff"": 1, ""$eq"": 256, ""$mux"": 1, ""$or"": 256}",,,no,functional_status=fail_ts
verilogeval,Prob145_circuit8,e1_t8,VE_testbench/langgraph/.build_sample_e1_t8/samples/Prob145_circuit8/sample_01.json,fail_ts,ok,6,6-10,12,3,2,0,0,0,"{""$dff"": 2, ""$mux"": 2, ""$not"": 2}",ok,5,0-5,13,3,1,1,0,0,"{""$dff"": 1, ""$dlatch"": 1, ""$mux"": 3}",,,no,functional_status=fail_ts
verilogeval,Prob146_fsm_serialdata,e1_t8,VE_testbench/langgraph/.build_sample_e1_t8/samples/Prob146_fsm_serialdata/sample_01.json,fail_ts,ok,36,16+,52,8,4,0,0,0,"{""$aldff"": 4, ""$buf"": 3, ""$eq"": 8, ""$logic_not"": 6, ""$mux"": 11, ""$not"": 1, ""$pmux"": 2, ""$sub"": 1}",ok,25,16+,31,6,2,0,0,0,"{""$buf"": 3, ""$dff"": 2, ""$eq"": 12, ""$logic_not"": 1, ""$mux"": 6, ""$pmux"": 1}",,,no,functional_status=fail_ts
verilogeval,Prob147_circuit10,e1_t8,VE_testbench/langgraph/.build_sample_e1_t8/samples/Prob147_circuit10/sample_01.json,fail_ts,ok,4,0-5,9,3,1,0,0,0,"{""$buf"": 2, ""$dff"": 1, ""$mux"": 1}",ok,10,6-10,13,5,1,0,0,0,"{""$and"": 3, ""$buf"": 2, ""$dff"": 1, ""$or"": 2, ""$xor"": 2}",,,no,functional_status=fail_ts
verilogeval,Prob148_2013_q2afsm,e1_t8,VE_testbench/langgraph/.build_sample_e1_t8/samples/Prob148_2013_q2afsm/sample_01.json,pass,ok,39,16+,58,6,1,0,0,0,"{""$buf"": 4, ""$dff"": 1, ""$eq"": 9, ""$logic_not"": 8, ""$mux"": 16, ""$pmux"": 1}",ok,30,16+,43,7,1,0,0,0,"{""$buf"": 4, ""$dff"": 1, ""$eq"": 6, ""$logic_not"": 4, ""$mux"": 13, ""$not"": 1, ""$pmux"": 1}",1.3,1.0,yes,
verilogeval,Prob149_ece241_2013_q4,e1_t8,VE_testbench/langgraph/.build_sample_e1_t8/samples/Prob149_ece241_2013_q4/sample_01.json,fail_ts,ok,5,0-5,12,2,4,0,0,0,"{""$aldff"": 4, ""$logic_not"": 1}",ok,29,16+,39,6,1,0,0,0,"{""$buf"": 3, ""$dff"": 1, ""$eq"": 10, ""$logic_not"": 2, ""$mux"": 11, ""$pmux"": 2}",,,no,functional_status=fail_ts
verilogeval,Prob150_review2015_fsmonehot,e1_t8,VE_testbench/langgraph/.build_sample_e1_t8/samples/Prob150_review2015_fsmonehot/sample_01.json,fail_ts,ok,9,6-10,13,2,0,0,0,0,"{""$buf"": 8, ""$or"": 1}",ok,27,16+,31,5,0,0,0,0,"{""$and"": 8, ""$buf"": 8, ""$not"": 5, ""$or"": 5, ""$reduce_or"": 1}",,,no,functional_status=fail_ts
verilogeval,Prob151_review2015_fsm,e1_t8,VE_testbench/langgraph/.build_sample_e1_t8/samples/Prob151_review2015_fsm/sample_01.json,fail_ts,ok,68,16+,114,7,5,0,0,0,"{""$aldff"": 4, ""$dffe"": 1, ""$eq"": 20, ""$logic_and"": 1, ""$logic_not"": 9, ""$mux"": 28, ""$pmux"": 5}",ok,38,16+,60,9,1,0,0,0,"{""$buf"": 2, ""$dff"": 1, ""$eq"": 15, ""$eqx"": 1, ""$logic_not"": 1, ""$logic_or"": 3, ""$mux"": 13, ""$pmux"": 1, ""$reduce_or"": 1}",,,no,functional_status=fail_ts
verilogeval,Prob152_lemmings3,e1_t8,VE_testbench/langgraph/.build_sample_e1_t8/samples/Prob152_lemmings3/sample_01.json,pass,ok,64,16+,97,8,1,0,0,0,"{""$aldff"": 1, ""$buf"": 5, ""$eq"": 17, ""$logic_and"": 2, ""$logic_not"": 10, ""$logic_or"": 2, ""$mux"": 26, ""$pmux"": 1}",ok,52,16+,77,7,1,0,0,0,"{""$aldff"": 1, ""$buf"": 5, ""$eq"": 13, ""$logic_not"": 8, ""$logic_or"": 2, ""$mux"": 22, ""$pmux"": 1}",1.2308,1.0,yes,
verilogeval,Prob153_gshare,e1_t8,VE_testbench/langgraph/.build_sample_e1_t8/samples/Prob153_gshare/sample_01.json,fail_ts,ok,167,16+,61,15,130,0,0,0,"{""$add"": 1, ""$aldff"": 3, ""$and"": 1, ""$bmux"": 2, ""$buf"": 2, ""$bwmux"": 1, ""$demux"": 2, ""$dffe"": 127, ""$ge"": 4, ""$logic_and"": 2, ""$logic_not"": 1, ""$lt"": 2, ""$mux"": 12, ""$not"": 5, ""$xor"": 2}",ok,184,16+,82,14,129,0,0,0,"{""$add"": 1, ""$aldff"": 129, ""$bmux"": 5, ""$buf"": 4, ""$bwmux"": 2, ""$demux"": 4, ""$ge"": 2, ""$gt"": 1, ""$logic_and"": 4, ""$logic_not"": 2, ""$lt"": 8, ""$mux"": 19, ""$sub"": 1, ""$xor"": 2}",,,no,functional_status=fail_ts
verilogeval,Prob154_fsm_ps2data,e1_t8,VE_testbench/langgraph/.build_sample_e1_t8/samples/Prob154_fsm_ps2data/sample_01.json,fail_ts,ok,14,11-15,27,5,5,0,0,0,"{""$aldff"": 5, ""$buf"": 2, ""$logic_not"": 1, ""$mux"": 5, ""$not"": 1}",ok,16,16+,22,6,2,0,0,0,"{""$buf"": 4, ""$dff"": 2, ""$eq"": 4, ""$logic_not"": 1, ""$mux"": 4, ""$pmux"": 1}",,,no,functional_status=fail_ts
verilogeval,Prob155_lemmings4,e1_t8,VE_testbench/langgraph/.build_sample_e1_t8/samples/Prob155_lemmings4/sample_01.json,fail_ts,ok,64,16+,94,11,2,0,0,0,"{""$add"": 1, ""$aldff"": 2, ""$buf"": 4, ""$eq"": 13, ""$gt"": 1, ""$logic_and"": 2, ""$logic_not"": 10, ""$logic_or"": 1, ""$mux"": 26, ""$ne"": 2, ""$pmux"": 2}",ok,66,16+,96,11,2,0,0,0,"{""$add"": 1, ""$aldff"": 1, ""$buf"": 5, ""$dff"": 1, ""$eq"": 16, ""$ge"": 2, ""$logic_not"": 8, ""$logic_or"": 3, ""$lt"": 1, ""$mux"": 27, ""$pmux"": 1}",,,no,functional_status=fail_ts
verilogeval,Prob156_review2015_fancytimer,e1_t8,VE_testbench/langgraph/.build_sample_e1_t8/samples/Prob156_review2015_fancytimer/sample_01.json,fail_ts,ok,32,16+,70,7,4,0,0,0,"{""$add"": 1, ""$aldff"": 4, ""$buf"": 1, ""$logic_and"": 1, ""$logic_not"": 2, ""$lt"": 1, ""$mux"": 22}",ok,58,16+,89,12,3,0,0,0,"{""$add"": 1, ""$buf"": 4, ""$dff"": 3, ""$eq"": 18, ""$eqx"": 1, ""$logic_and"": 2, ""$logic_not"": 3, ""$logic_or"": 3, ""$mux"": 20, ""$pmux"": 1, ""$reduce_or"": 1, ""$sub"": 1}",,,no,functional_status=fail_ts
